sha256,file_identifier,aesthetic_score,captions,class
15b2478afe5e0e075db25b38fec0e991fe3f84ae696f01052d9f5e3c30a37cd0,cat/cat_016/cat_016.blend,6.981494903564453,"[""A whimsical, dark gray robotic creature with a cuboid body, hexagonal head, conical ears, party hat, spikes, rocket-like rear appendages, spherical legs, and a rainbow patch on its side."", ""Dark gray robot with cuboid body, hexagonal head, conical ears, party hat, spikes, rocket appendages, spherical legs, rainbow patch."", ""Cuboid body robot with hexagonal head, conical ears, hat, spikes, rocket appendages, spherical legs, rainbow patch."", ""Gray robot with hexagonal head, conical ears, hat, spikes, appendages, spherical legs, rainbow detail."", ""Robot with cuboid body, hexagonal head, conical ears, hat, spikes, rocket-like appendages, rainbow patch."", ""Robot with hexagonal head, spikes, rocket appendages, rainbow patch, spherical legs."", ""Hexagonal head robot with conical ears, party hat, rocket appendages, rainbow patch."", ""Cuboid robot with party hat, rocket appendages, rainbow patch."", ""Hexagonal head robot with rocket appendages, rainbow patch."", ""Robot with rocket appendages, rainbow patch."", ""Rocket robot with rainbow patch.""]",cat
1cfc1da80154fe454910d55fa7bded46374c4e9de6c108a878363d8de72de6c6,elephant/elephant_040/elephant_040.blend,5.184638977050781,"[""A light blue plush toy resembling a bear with elongated elephantine features, including an oval-shaped head with a slight snout, large floppy ears, small black eyes, a cylindrical body, long cylindrical arms and longer cylindrical legs."", ""Light blue plush toy bear with elongated, elephant-like features and anatomy."", ""Blue toy bear with elongated features resembling an elephant."", ""Light blue plush bear with elephant-style features."", ""Toy bear with elephant-like attributes, in blue."", ""Blue bear plush toy with elephantine features."", ""Bear toy with elongated features, colored blue."", ""Elephantine blue bear plush toy."", ""Blue toy bear with elephant traits."", ""Blue elephant-like bear toy."", ""Blue bear-elephant toy.""]",elephant
1d56803e68e6fc6f4660d814929df9f589cbd699b9200192a6c6673b18428fed,hammer/hammer_005/hammer_005.blend,6.0411224365234375,"[""Detailed gray and gold warhammer with a cylindrical handle, decorative golden elements, and a rectangular hammer head featuring central emblems framed in gold."", ""Gray and gold warhammer with a cylindrical handle and emblematic rectangular head."", ""Warhammer with cylindrical handle and emblemized, rectangular head."", ""Warhammer featuring gray, gold, and emblematic design."", ""Gray, gold warhammer with distinctive emblems."", ""Decorative gold and gray warhammer."", ""Gold-accented, emblemized warhammer."", ""Emblematic gold and gray weapon."", ""Detailed gold and gray hammer."", ""Gray and gold warhammer."", ""Warhammer.""]",hammer
208bd2480bd7f0eb46ec9c196d6cf7fa79b0ba66425ca4d4f6b52c602a20e016,helmet/helmet_005/helmet_005.blend,6.032096862792969,"[""A vertically elongated, metallic grey object with angular segments, a central 'V'-shaped ridge in front, cylindrical side protrusions with lighter caps, a pointed top, smoother back segments, and a concave base."", ""Tall metallic grey object with angular segments, a 'V'-shaped ridge, cylindrical side protrusions, pointed top, concave base."", ""Metallic object with angular segments, 'V'-shaped ridge, side cylinders, pointed top, concave base."", ""Tall grey object with 'V'-ridge, side protrusions, pointed top, concave base."", ""Grey object with angular segments, V-ridge, side cylinders, pointed top."", ""Object with V-ridge, side protrusions, pointed top, concave base."", ""Angular object with V-ridge, side cylinders, pointed peak, base."", ""Object with V-ridge, cylinder sides, pointed peak, base."", ""V-ridged object with side cylinders, pointed top."", ""V-ridged object with cylinders, pointed top."", ""Object with V-ridge, cylinders, top.""]",helmet
22ddf9ea21cda6776598f1143e2f3e6e02ffb18625fcaf65df54eec190a70f59,bottle/bottle_102/bottle_102.blend,5.1224045753479,"[""A weathered, yellow cylindrical object with a central recessed band, semi-spherical top with a metallic grey valve, and texts and symbols in French. The surface displays rust and scratches, indicating extensive use and exposure to elements."", ""Weathered yellow cylinder with central band, grey valve, French text, and signs of rust."", ""Yellow cylindrical object with recessed band, grey valve, and French symbols."", ""Weathered cylinder with a grey valve and French inscriptions."", ""Rusty yellow cylinder with a metallic valve and text."", ""Yellow cylinder with central band and French writing."", ""Weathered cylinder with French text and metal valve."", ""Cylinder with French symbols and noticeable wear."", ""Cylinder with French text and rust."", ""Rusty cylinder with French text."", ""French cylinder, valve, rust.""]",bottle
25d495464b075909068d5e9dfc8fa5b0efb71a90d11a9bceaef836b07ca05cc9,bottle/bottle_011/bottle_011.blend,4.919956207275391,"[""A cylindrical, translucent gray bottle with a flat base, long narrow neck, slightly flared opening, black or dark gray label reading \""BATTY\"" and \""POISON\"" with a bat illustration, smooth texture, and centered label."", ""Translucent gray bottle with flat base, elongated neck, black label reading \""BATTY\"" and \""POISON\"" with bat illustration."", ""Gray bottle, flat base, long neck, black \""BATTY\"" and \""POISON\"" label with bat design."", ""Gray cylindrical bottle with flat base, black label \""BATTY\"", \""POISON\"" and bat sketch."", ""Translucent bottle with flat base, long neck and black bat labelled \""BATTY\"" and \""POISON\""."", ""Cylindrical gray bottle with black label reading \""BATTY\"", \""POISON\"" and a bat."", ""Translucent bottle, long neck, \""BATTY\"", \""POISON\"", bat sketch label."", ""Gray bottle, flat base, \""BATTY\"", \""POISON\"" bat label."", ""Translucent bottle, black \""BATTY\"", \""POISON\"" bat label."", ""Gray \""BATTY\"", \""POISON\"" bat labelled bottle."", ""\""BATTY\"", \""POISON\"" bat bottle.""]",bottle
2760fc488894413a864e59f9b11ec1a16035195bfda5aa1e42a4a492dc607534,cat/cat_049/cat_049.blend,5.804262161254883,"[""Anthropomorphic cartoon-style purple cat character in a T-pose, round head with pointed ears, large oval eyes, small nose, wearing a plain white T-shirt, with cylindrical arms and legs, and white mitten-like hands."", ""Purple, cartoon-style cat in T-pose with round head, pointed ears, large eyes, white T-shirt, cylindrical limbs and mitten hands."", ""Cartoonish purple cat with round head, pointed ears, large eyes, wearing a T-shirt, T-pose, white mittens."", ""T-posed, purple, cartoonish cat with round head, big eyes, wearing white shirt and mitten-like hands."", ""Cartoon cat in T-pose with round head, large eyes, purple color, T-shirt, and white mittens."", ""Purple cartoon cat in T-pose, round head, big eyes, clothed with white shirt, mitten hands."", ""Animated T-posed purple cat, round head, large eyes, white shirt, mitten hands."", ""T-posed purple cat, round head, large eyes, white shirt, white mittens."", ""Cartoon purple cat, T-pose, round head, large eyes, white outfit."", ""T-posed purple cat with white clothes, round-faced."", ""Purple cat, T-pose, white clothing.""]",cat
285e466ac26aff3d94a14b0cda0ca096de16e40006357d3a4b5b7a0ae20e10bf,violin/violin_020/violin_020.blend,4.641023635864258,"[""A traditional violin with a symmetric body, slim neck, ornate pegbox and scroll, four strings, tailpiece, chinrest, bridge, and fingerboard, all in uniform gray color."", ""A traditional, symmetric bodied violin with ornate pegbox and scroll, four strings, gray-toned."", ""Gray, symmetric, traditional violin with ornate scroll and four strings."", ""Traditional violin with ornate pegbox, symmetrical and gray."", ""Gray violin, symmetrical, with ornate pegbox."", ""Traditional, symmetric, gray violin."", ""Ornate, gray, symmetric violin."", ""Symmetric, traditional gray violin."", ""Symmetric, gray violin."", ""Gray, symmetric violin."", ""Gray violin.""]",violin
2a6f5fa22e0b17631a94566d8a2786cd658725202a3263d71a3f0eddd1c54d04,horse/horse_007/horse_007.blend,5.014659404754639,"[""A white pony with large expressive turquoise eyes, pointed ears, and a small smile, featuring a large, voluminous pink mane and tail with darker pink outlines, and three balloons as a cutie mark on its hindquarters."", ""White pony with turquoise eyes, pointed ears, pink mane, tail, and three-balloon cutie mark."", ""Pony with expressive turquoise eyes, pink mane, tail, and three-balloon cutie mark."", ""Expressive-eyed pony with pink mane, tail, and ballooned cutie mark."", ""White pony with turquoise eyes, pink mane, and balloons."", ""Pony with turquoise eyes and balloon cutie mark."", ""White pony with pink mane and balloons."", ""Pony with turquoise eyes and pink mane."", ""Pony with balloon cutie mark."", ""Pony with pink mane."", ""Pony with balloons.""]",horse
2c26afcbfd5ada331378dd002f66617dd63bdea0423d5f039228bd6c8fe5c545,mushroom/mushroom_018/mushroom_018.blend,6.852278709411621,"[""Low-poly pink dome-shaped mushroom with faceted surface, small raised white spots on the cap, and a light grey cylindrical faceted stem."", ""Low-poly pink dome mushroom with white spots and grey cylindrical stem."", ""Pink low-poly mushroom with grey stem and white spots."", ""Pink mushroom with grey stem, white spotted."", ""Dome-shaped pink mushroom with white spots."", ""Pink and grey faceted mushroom."", ""Spotted, pink, and grey mushroom."", ""Pink mushroom with spots."", ""Spotted pink mushroom."", ""Pink mushroom."", ""Mushroom.""]",mushroom
2e47cd206d3f68c5d1e29a3280f2c80264cd942712b5bcc9384a327822b75614,chair/chair_154/chair_154.blend,4.560910701751709,"[""A modern, minimalist armchair with a tubular chrome metal frame, light gray fabric seat and backrest, and black padded cylindrical armrests, featuring seamless construction, ergonomic curves, and a forward-facing seat."", ""Modern armchair, chrome metal frame, light gray fabric, black padded armrests."", ""Armchair with tubular chrome frame, light gray seat, black padded armrests."", ""Minimalist armchair, chrome frame, gray fabric, black armrests."", ""Modern armchair, chrome frame, gray seat, black armrests."", ""Armchair with chrome frame, gray fabric and black armrests."", ""Minimalist chair, chrome frame, gray fabric, black armrests."", ""Armchair, chrome frame, gray seat, black armrests."", ""Chrome frame chair, gray fabric, black armrests."", ""Chrome armchair, gray fabric, black armrests."", ""Armchair, chrome, gray, black.""]",chair
3248d18bb9bf8d9f91b90e7a706471954f18647f2293c6820067a385fed48376,sandwich/sandwich_009/sandwich_009.blend,6.975584030151367,"[""3D model of a triangular sandwich with light yellow buns, light brown meat or tofu, green lettuce, skewered by a brown toothpick with a low-poly green olive on top."", ""Triangular sandwich with light yellow buns, brown meat, green lettuce, skewered with a brown toothpick."", ""Light yellow bun sandwich in triangular shape, skewered with an olive-topped toothpick."", ""Triangular sandwich with light buns, brown meat and green lettuce, skewered by a toothpick."", ""Triangular sandwich, light bun, brown meat, lettuce, skewered with olive-topped toothpick."", ""Light bun triangular sandwich skewered by olive-topped toothpick."", ""Triangular sandwich with meat and lettuce, skewered."", ""Triangulated sandwich skewered with a toothpick."", ""Bun sandwich with meat skewered."", ""Skewered triangular sandwich."", ""Triangular Sandwich.""]",sandwich
3648c6676efddf821aa80711e1c34b661cef977271ae98a4d42efd550ee2fd43,horse/horse_000/horse_000.blend,5.691476821899414,"[""Cartoon-like yellow pony with a rounded head, green expressive eyes, wavy creamy white and orange striped mane, western hat, striped scarf, apple cutie mark, and long matching tail. Body is slightly chubby with proportionate legs."", ""Cartoonish yellow pony, green eyes, striped mane, western hat, scarf, apple mark, long tail, chubby body, proportionate legs."", ""Yellow pony with green eyes, striped mane and tail, hat, scarf, apple mark, chubby body."", ""Cartoon pony with striped mane, western hat, scarf, apple mark on chubby body."", ""Yellow pony with green eyes, striped mane, hat, scarf, and apple mark."", ""Cartoon pony with striped mane and tail, hat, scarf, apple mark."", ""Yellow pony, striped mane and tail, hat, scarf, apple mark."", ""Cartoon pony with hat, scarf, striped mane, apple mark."", ""Yellow pony with hat, scarf, apple mark."", ""Cartoon pony with hat, scarf, mark."", ""Pony, hat, scarf, mark.""]",horse
36a88969c0481a26a25992f2009394e674ab853d7cf4a69fd17236b9fb0cdabc,orange/orange_016/orange_016.blend,5.734499454498291,"[""A spherical, yellow citrus fruit with a slightly pebbled texture, a small greenish stem indentation on top, and smooth bottom with slight flattening."", ""A spherical, yellow citrus fruit with a slightly pebbled texture, and small stem indentation."", ""A slightly pebbled, spherical, yellow fruit with a stem indentation."", ""Pebbled yellow fruit with small stem indentation."", ""Yellow spherical fruit with stem indentation."", ""Textured yellow fruit with stem mark."", ""Citrus fruit with stem mark."", ""Pebbled texture yellow fruit."", ""Yellow fruit, stem mark."", ""Spherical citrus fruit."", ""Yellow fruit.""]",orange
36db1b4f2ced818cff514a7565bbfe3d6ef53256a383bd7dfefefc715f44f131,helicopter/helicopter_001/helicopter_001.blend,6.35796594619751,"[""Helicopter with a hollow ring-shaped dark gray body, light blue cockpit window, cylindrical tail section, yellow main and tail rotor blades, and dark gray landing skids."", ""Helicopter with a hollow ring-shaped dark gray body and light blue cockpit window"", ""Ring-shaped dark gray helicopter with light blue cockpit"", ""Hollow gray helicopter with blue cockpit window"", ""Ring-shaped helicopter with blue window"", ""Gray helicopter with light blue window"", ""Ring-body helicopter, blue window"", ""Dark helicopter, blue window"", ""Ring-shaped dark helicopter"", ""Gray ring-helicopter"", ""Gray helicopter""]",helicopter
36e087935d40dfb54cd0e052dac09001e966285a680a9f4c4c81e47d55c38347,bowl/bowl_005/bowl_005.blend,4.614217758178711,"[""A rectangular, solid white container with slightly tapering sides, rounded edges, a flat lid extending slightly beyond the container's width, and four protruding legs at the base for stable support. The lid fits snugly, and surfaces are smooth."", ""White rectangle container, rounded edges, protruding base legs, flat lid."", ""Rectangular container, rounded edges, wide lid, four legs."", ""Solid container with extended lid and sturdy base."", ""White container with rounded edges, base legs."", ""Rectangular pot with protruding footings, lid."", ""White storage bin with extending lid."", ""Rounded-edged white container with lid."", ""White container with sturdy legs."", ""Basic white container, lid."", ""Container, Lid.""]",bowl
373df1144cf8d47cbeefd964154df37e6b764c7a23dbef699fceb6d73171ce71,hammer/hammer_074/hammer_074.blend,4.619309425354004,"[""Stylized hammer with two cubic heads, diamond spikes, dark gray color, beveled edges, bolts on top, cylindrical handle with ring sections, wider faceted base, metallic texture, medieval/fantasy style, robust and utilitarian design."", ""Stylized metallic hammer with dark gray cubic heads, diamond spikes, beveled edges, and a faceted base."", ""Dark gray medieval-style hammer with cubic heads, diamond spikes, bolts, and a faceted base."", ""A two-headed hammer with diamond spikes and bolts, showcasing a robust utilitarian design."", ""A metallic hammer with cubic heads, diamond spikes and a faceted wide base."", ""Medieval-style hammer with cubic heads, diamond spikes and a cylindrical handle."", ""A metallic hammer with cubic heads, diamond spikes, and a widened base."", ""Stylized hammer with cubic heads, diamond spikes and bolts."", ""Dark gray hammer with diamond spikes."", ""Cubic-headed hammer with diamond spikes."", ""Metallic hammer, diamond spikes.""]",hammer
3751a4cdbdb413d46acc240689480ea6670cb123e01518939877505e02ab1e63,trashcan/trashcan_032/trashcan_032.blend,4.920605659484863,"[""A light grey, cylindrical, slightly tapered metal trash can with vertical ridges, a circular lid with a flat top and slight lip, and a central trapezoidal handle for lifting."", ""Light grey tapered metal trash can, vertical ridges, circular flat-topped lid and trapezoidal handle."", ""Grey cylindrical trash can, slight taper, vertical ridges, circular lid, flat top, trapezoidal handle."", ""Grey metal trash can with circular flat-top lid and central handle."", ""Light grey cylindrical can with vertical ridges and handle."", ""Grey, slightly tapered trash can with trapezoidal handle."", ""Tapered trash can with circular lid and handle."", ""Grey trash can with ridged design and handle."", ""Ridged metal trash can with handle."", ""Tapered trash can with handle."", ""Grey trash can with handle.""]",trashcan
37ecc140db294aa02c6d126a28ecf0f979570761689c0c21c47579770c75b254,deer_moose/deer_moose_050/deer_moose_050.blend,4.669912815093994,"[""A minimalist 3D model of a glossy white llama or alpaca with elongated neck, pointed ears, sleek body, slender legs, and a small curved tail."", ""Glossy white llama 3D model with elongated neck, sleek body and small tail."", ""3D model of a sleek, elongated white llama with pointed ears."", ""3D model of a glossy white llama with slender legs."", ""Model of a minimalist white llama with a curved tail."", ""Elaborate 3D model of a sleek white llama."", ""Minimalist glossy llama model with elongated neck."", ""White llama 3D model with pointed ears."", ""Sleek white llama 3D model."", ""White llama 3D model."", ""Llama model.""]",deer_moose
39eedba02cff0032d2fc36cefc988b4a95c89b29c43b2330f9eee4f46a21c979,car/car_011/car_011.blend,6.967615127563477,"[""A retro, blue Citro\u00ebn 2CV-style car with a rounded roof, curvy body, four doors, wide fenders, rectangular windows, round headlights and taillights, chrome bumpers, white wheels, a small front grille, and a novelty plate \""BOUNCER\""."", ""Retro blue Citro\u00ebn 2CV-style car with round roof, wide fenders, novelty \""BOUNCER\"" plate."", ""Retro, blue, curvy car with round roof, wide fenders, and novelty plate."", ""Blue car with rounded roof, wide fenders, and \""BOUNCER\"" license plate."", ""Blue Citro\u00ebn 2CV-style car with novelty \""BOUNCER\"" plate."", ""Retro, blue, curvy car with \""BOUNCER\"" plate."", ""Retro blue car with novelty plate \""BOUNCER\""."", ""Blue car with rounded roof and novelty plate."", ""Retro blue car with \""BOUNCER\"" plate."", ""Round-roofed blue car with \""BOUNCER\"" plate."", ""Blue car, \""BOUNCER\"" plate.""]",car
39f1c97e9750414ee8e4a2d4d0df9e3851b19ac34766c53509308da2c322d2eb,tree/tree_044/tree_044.blend,5.107691764831543,"[""A broad, bushy tree with a thick trunk, spreading branches that twist naturally, and dense foliage of small to medium-sized leaves. The trunk and branches have a rough texture. The model is in grayscale."", ""Broad, bushy tree with thick, rough trunk, spreading branches and dense foliage, modeled in grayscale."", ""Wide tree with a thick, rough trunk, dense leaves and twisting branches, in grayscale."", ""Bushy tree, thick and textured trunk, spreading branches, dense leaves in grayscale."", ""Broad tree with a thick trunk, twisting branches, and dense foliage, grayscale."", ""Rough trunk tree, dense leaves, twisted branches, grayscale model."", ""Broad tree, thick trunk, dense foliage, branches twist, grayscale."", ""Bushy tree with rough trunk, dense leaves, grayscale."", ""Tree with thick trunk, dense leaves, grayscale."", ""Broad tree with dense leaves, grayscale."", ""Gray, dense-leafed tree.""]",tree
3b19003914e50047e30817174439056a31af8ad29253cc3079f30df0b3bb20e7,hammer/hammer_001/hammer_001.blend,5.693781852722168,"[""A robust, medieval-themed hammer with a rectangular head, beveled edges, dark metallic gray color with brass accents and lion head embossment; cylindrical, dark brown wood-textured handle with a dark metallic gray cap at the bottom."", ""Medieval-themed hammer, rectangular head, beveled edges, gray, brass accents, lion head embossment, dark brown handle with metallic cap."", ""Robust medieval hammer, rectangular with beveled edges, brass details, lion embossment, brown wooden handle, gray metallic cap."", ""Medieval hammer with rectangular, beveled head, lion engraving, brass touches, wood-textured dark handle, metallic cap."", ""Gray medieval hammer, brass accents, lion detail, rectangular head, beveled edges, dark brown handle, metal bottom."", ""Dark gray medieval hammer, brass-lion rectangle head, beveled, brown wooden handle, metallic gray cap."", ""Medieval hammer, brass lion-embossed rectangle head, beveling, wooden handle, metallic cap."", ""Gray medieval hammer with lion embossment, beveled head, wooden handle."", ""Medieval hammer with lion head, beveled rectangular edge, and handle."", ""Lion-embossed medieval hammer with beveled head."", ""Lion hammer, beveled edge, handle.""]",hammer
3bd7df5c3c1584ae6d7c5dc19b851ea2992dd6ff257a8c21206a70ff7965ca44,bottle/bottle_076/bottle_076.blend,5.208784580230713,"[""A cylindrical white bottle with a smooth matte finish, a slightly narrower neck with a ridge, cylindrical cap, flat base, and proportional height about twice the diameter."", ""White cylindrical bottle with smooth matte finish, narrow neck, and cap."", ""Matte finish cylindrical bottle with a narrow neck and cap."", ""White bottle with narrow neck and proportional height."", ""Matte finished cylindrical bottle with a cap."", ""Bottle with a narrow neck and a cap."", ""White, matte cylindrical bottle with cap."", ""Matte white cylindrical bottle."", ""White bottle with cap."", ""Cylindrical bottle with cap."", ""Bottle with cap.""]",bottle
3bf4265600ae502939a324350bf152316266215797ae9492dd739b025f76d4ff,cupcake/cupcake_015/cupcake_015.blend,6.1373395919799805,"[""A cat-like character with dark purple fur and large amber eyes sits in a brown circular tart base, wearing a white swirl hat with red syrup drips. The character's ears and paws are visible with red and white accents."", ""A dark purple cat with amber eyes sits in a tart base, wearing a white swirl hat with red syrup."", ""Purple cat in tart base, wearing syrup-dripped swirl hat with visible ears and paws."", ""Amber-eyed, purple cat sits in tart, wearing a white, syrup-dripped hat."", ""Purple cat in tart with white hat and red syrup."", ""Cat with swirl hat sits on tart base."", ""Purple cat in tart, wears syrupy hat."", ""Cat in tart with syrup hat."", ""Cat in tart with a hat."", ""Purple cat in tart."", ""Cat in tart.""]",cupcake
3c062f27b1e4f8b53f9a27910c6e5fa744179fdc1f3c41210d0153f93a2cc8fe,airplane/airplane_000/airplane_000.blend,5.196108818054199,"[""A detailed 3D model of an early wooden biplane with fabric wings, twin black propellers in a pusher configuration, a simple rectangular fuselage, divided horizontal stabilizer, white rudder, supporting struts and wires, and skid landing gear."", ""An early wooden biplane model with fabric wings, rectangular fuselage, and twin black propellers."", ""Detailed model of a biplane with fabric wings and twin propellers."", ""Wooden biplane model with fabric wings and black propellers."", ""Early-era wooden biplane with twin propellers in 3D."", ""3D model of a basic wooden biplane with propellers."", ""Detailed biplane model with twin black propellers."", ""Wooden biplane with fabric wings and propellers."", ""Model of an early wooden biplane."", ""Simple wooden biplane model."", ""Wooden biplane.""]",airplane
3c25893a133655faacd0261c13e86314a22a13140f920363a56ac659cccd2488,dragon/dragon_010/dragon_010.blend,5.282183647155762,"[""A young, sleek quadruped dragon with light purple body and subtle scales, yellow spiraled horns, expressive purple eyes, yellow-orange-red bat wings, gradient purple-yellow tail ending in a spike, yellow back spikes, and white-clawed feet."", ""A young dragon with a light purple scaled body, yellow horns, bat wings, gradient tail, back spikes, and white claws."", ""Young dragon with purple body, spiral yellow horns, colored wings, gradient tail, back spikes, and white clawed feet."", ""Young dragon, purple-scaled body, yellow horns, colorful wings, gradient tail, back spikes, white clawed feet."", ""Purple young dragon with yellow spiraled horns, gradient tail, colored wings, back spikes, and white claws."", ""Purple dragon, yellow horns, colored bat wings, gradient tail, back spikes, white claws."", ""Dragon with purple body, yellow horns, colored wings, spiked back, and claws."", ""Purple dragon with yellow horns, vibrant wings, spiked tail, and claws."", ""Purple dragon, yellow horns, colorful wings, back spikes."", ""Purple dragon with yellow horns and gradient tail."", ""Purple dragon, yellow horns.""]",dragon
3ec5b83f003aea28022a61610bb555c96cab61c3617d1ed9a721431913ae28ed,hammer/hammer_000/hammer_000.blend,4.924984455108643,"[""A black and yellow ergonomic hammer with a textured handle, a flat striking surface, a claw for pulling nails, a thin metallic black neck, and a barcode sticker, designed for construction and carpentry."", ""Black and yellow ergonomic hammer with textured handle, flat striking surface, claw, thin neck, and barcode sticker."", ""Ergonomic hammer with a textured handle, flat striking surface, nail claw, thin neck in black and yellow."", ""A black, yellow ergonomic hammer featuring textured handle, nail claw, thin neck, and barcode."", ""Construction ergonomic hammer, black-yellow with textured handle, nail claw, thin neck."", ""Textured handle hammer with nail claw, thin neck, dual-tone: black-yellow."", ""Black-yellow ergonomic hammer with textured grip, nail claw."", ""Ergonomic construction hammer with nail claw, barcode."", ""Textured grip hammer with nail-pulling claw."", ""Black-yellow hammer with nail claw."", ""Hammer, claw, barcode.""]",hammer
3f88e6308c0910fa5c1f7a7176e4af24156654e43716ab9a7b5587f5541646b3,snake/snake_027/snake_027.blend,5.088153839111328,"[""A stylized green snake with a triangular head, red forked tongue, orange/red eyes, elongated sinuous body, and evenly spaced black and white bands."", ""Green snake with triangular head, red forked tongue, orange/red eyes and striped body."", ""Green snake with triangular head, striped body and red-toned features."", ""Snake with green body, red tongue, and striped pattern."", ""Green, striped snake with red facial features."", ""Snake with green body and red forked tongue."", ""Triangular-headed snake with banded body."", ""Green snake with red tongue."", ""Striped green and black snake."", ""Green snake with stripes."", ""Striped snake.""]",snake
42a68bb55ad4787f58a6c50c8a2a2031758fcc58388c2966e5a855dc1b83bb9e,piano/piano_037/piano_037.blend,4.942219734191895,"[""A compact, slightly slanted, rectangular synthesizer with a dark gray/black body, white and black keys (around 32), central yellow display screen, control knobs, buttons, sliders, modulation/pitch wheels, and ports on the rear panel."", ""Compact, slanted rectangular synthesizer, dark gray, 32 keys, yellow screen, control knobs, sliders, wheels, and rear ports."", ""Grey rectangular synthesizer, slanted, 32 keys, central yellow screen, knobs, sliders, wheels, and ports."", ""Compact synthesizer, rectangular, dark grey, 32 keys, yellow screen, knobs, wheels, ports."", ""Dark grey, rectangular synthesizer, slanted, yellow screen, 32 keys, knobs, sliders, ports."", ""Slanted dark grey synthesizer, 32 keys, yellow screen, knobs, sliders, ports."", ""Synthesizer, dark grey, slanted, yellow screen, 32 keys, controls, ports."", ""Grey synthesizer, slanted, 32 keys, yellow screen, controls."", ""Grey synthesizer, slanted, yellow screen, 32 keys."", ""Slanted synthesizer, yellow screen, 32 keys."", ""Synthesizer, screen, 32 keys.""]",piano
45f043e2b9690512c8e1b70e0d3b234de6fd6ccdae21b44e41acafb5a8cb4677,fish/fish_000/fish_000.blend,5.810371398925781,"[""Voxel-style clownfish with an elongated oval shape, primarily orange body, three white vertical stripes bordered with black, distinct fins (orange with some black edges) and a fan-shaped tail fin with a white vertical stripe."", ""Voxel-style, elongated oval clownfish with primarily orange body, three white stripes, and fan-shaped tail."", ""Voxel-style clownfish, elongated oval, orange body, three white stripes, black-edged fins."", ""Oval clownfish with orange body, white stripes, black-edged fins in voxel-style."", ""Voxel-style clownfish with orange body, striped, black-bordered fins."", ""Elongated voxel clownfish, orange, striped, black-edged fins."", ""Voxel clownfish with orange body and striped fins."", ""Striped orange voxel clownfish with distinct fins."", ""Orange clownfish in voxel style with stripes."", ""Striped voxel-style orange clownfish."", ""Voxel clownfish, orange, striped.""]",fish
46609e37c4873d8cb8faf5f2be6bd2841eca6bad3bb21f508e2ea03f40588bc5,candy/candy_018/candy_018.blend,6.839679718017578,"[""A 3D gingerbread man standing upright with a flat body, brown color, white eyes, crescent smile, green bow tie, red buttons, white zigzag icing on arms and legs, and noticeable thickness for 3D volume."", ""A standing gingerbread man with a brown body, white eyes, crescent smile, green bow tie, red buttons, and white icing."", ""Upright gingerbread man with brown body, white eyes, green bow tie, red buttons, and white icing decoration."", ""Standing gingerbread man with white eyes, crescent smile, green bow tie, red buttons, and white icing."", ""Brown gingerbread man with white eyes, green tie, red buttons, and white icing details."", ""Upright brown gingerbread man with green tie, red buttons, and white icing."", ""Gingerbread man with white eyes, green tie, red buttons, and icing."", ""Standing gingerbread man with green tie, red buttons, and icing."", ""Gingerbread man with green tie, red buttons, icing."", ""Smiling gingerbread man with tie, buttons, icing."", ""Gingerbread man with decorations.""]",candy
467de9753a386eb363a66d2e67013b46085adb591284d60efe0fc344e7513aa9,chair/chair_161/chair_161.blend,5.304076194763184,"[""A light beige wooden director's chair with red cloth seat and backrest. The backrest has white \""DIRECTOR\"" text in bold sans-serif font. The frame includes vertical, horizontal, and X-shaped diagonal beams for support."", ""Light beige wooden director's chair, red cloth seat/backrest, white \""DIRECTOR\"" text, vertical, horizontal, X-shaped beams."", ""Beige director's chair, red seat/backrest, white \""DIRECTOR\"" text, X-shaped beams."", ""Wooden director's chair, red cloth parts, \""DIRECTOR\"" text, beam support."", ""Beige director's chair, red components, \""DIRECTOR\"" text, beams."", ""Director's chair with text, red cloth, beige wood."", ""Wooden chair with \""DIRECTOR\"" text, red parts."", ""Director's chair with red cloth parts."", ""Red and beige director's chair."", ""Director's chair with text."", ""Director's chair.""]",chair
4692e165a7990b47cc9a93e1c1b3697626c3a4ffa9840c79ff0173638d459fb8,cookie/cookie_015/cookie_015.blend,4.874162673950195,"[""Polygonal torus ring with three horizontal layers: light gray beveled top, recessed white middle, and dark gray beveled bottom. Each layer has faceted surfaces for a low-poly, geometric appearance, creating a modern, minimalistic design."", ""Polygonal torus ring with three horizontal layers, each having a faceted, low-poly design."", ""A low-poly torus with layered light gray, white, and dark gray design."", ""Three-tiered polygonal torus with distinctive color layers."", ""Low-poly, three-layered, multicolor torus ring."", ""Four-layered geometric torus with minimal design."", ""Polygonal torus with three colored layers."", ""Multicolored low-poly torus."", ""Three-tiered polygonal torus."", ""Colored, layered torus."", ""3D Layered Ring.""]",cookie
472f2f739b2b5b774b99fe8b19bbbcbcac9b6dc56f810c06a135b833e45964fa,helmet/helmet_015/helmet_015.blend,4.605736255645752,"[""3D model of a metallic silver helmet with a smooth dome-shaped top and a triangular face shield featuring side cutouts for ventilation and visibility."", ""Metallic silver helmet with smooth, dome-shaped top and triangular face shield with ventilation cutouts."", ""Helmet with smooth dome-top, triangular face shield featuring visibility cutouts."", ""Silver helmet with ventilated triangular face shield."", ""Smooth helmet with ventilated shield."", ""Metallic helmet with face shield."", ""Helmet with air-vent shield."", ""Ventilated face-shield helmet."", ""Dome-shaped helmet."", ""Silver helmet."", ""Helmet.""]",helmet
49d8e9ef0f8304e4ba7e1423675678ca68efaf6bc08f421e2ee8366a8200039f,chicken/chicken_001/chicken_001.blend,6.031428813934326,"[""A stylized voxel-based chicken with a white cuboid body, a white cuboid head featuring a red comb, orange beak, and black eyes, orange cuboid legs, and a simple cuboid tail extension."", ""A voxel chicken with a white rectangular body, head, orange beak, black eyes, orange legs, and tail."", ""Voxel chicken with white cuboid body and head, orange beak, legs, black eyes, and tail."", ""Stylized voxel chicken with white body, head, orange legs, beak, black eyes, and tail."", ""Voxel chicken with white body, head, orange legs and beak, black eyes and tail."", ""White voxel chicken with orange legs, beak, black eyes, and tail."", ""Voxel chicken, white body and head, orange legs and beak."", ""White voxel chicken with black eyes, orange features."", ""Voxel chicken with white body, orange extremities."", ""White chicken with orange accents in voxel."", ""Voxel chicken in white and orange.""]",chicken
4c2d3538fc3fe7c8c99710da737ab34482d9c07b63ccbbb084b03e1f9e4fcc66,sheep/sheep_021/sheep_021.blend,5.014312267303467,"[""A stylized 3D model of a pig-like animal with a rounded body, four short legs, a small head featuring a prominent upward curl, and a smooth, layered texture in a light beige or pale greenish hue."", ""A pig-like animal 3D model with a rounded body and upward curl."", ""Stylized 3D model of a pig-like animal with a rounded form."", ""Rounded pig-like 3D model with an upward curl."", ""3D model of a pig-like creature with curl."", ""Pig-like 3D model with round body."", ""Rounded, pig-like 3D Model."", ""3D pig with curled feature."", ""Stylized pig 3D model."", ""Pig-like 3D model."", ""3D Pig model.""]",sheep
4c996489e96a4ebf03823685462a6f5e30c20cbfee8de263c5a274d3312984cd,airplane/airplane_011/airplane_011.blend,4.888580322265625,"[""A futuristic small aircraft with an angular, slightly elongated hexagonal body. It\u2019s predominantly orange featuring a blue hexagonal dome cockpit. It has triangular wings with cylindrical engines mounted at the rear, and a small rectangular tail stabilizer."", ""Futuristic small orange aircraft with elongated hexagonal body, blue dome cockpit, triangular wings, and tail stabilizer."", ""Small futuristic aircraft, orange hexagonal body, blue dome, triangular wings, rear cylindrical engines, tail stabilizer."", ""Futuristic orange aircraft with blue hexagonal cockpit, triangular wings, rear engines, rectangular tail."", ""Orange futuristic aircraft, blue hexagonal cockpit, triangular wings, rear engines."", ""Future-like orange aircraft, blue hexagon cockpit, triangular wings, tail."", ""Orange aircraft, future-like design, blue cockpit, triangle wings."", ""Futuristic orange aircraft, blue dome, triangle wings."", ""Orange aircraft, blue hexagon cockpit, wings."", ""Futuristic orange aircraft, blue cockpit."", ""Orange aircraft, blue cockpit.""]",airplane
4d067800276dbff029a5cf63be74b848da4e2643096f03fdc538506e1fea20a8,flower/flower_003/flower_003.blend,4.76266622543335,"[""A twisted white tree trunk with irregular branches, orange-yellow autumn leaves, an octagonal uneven base with rocks, exposed white roots, and scattered green-turquoise plants."", ""Twisted white tree with irregular branches, autumn leaves, rocky octagonal base, and scattered plants."", ""White tree with twisted trunk, autumn leaves, uneven octagonal base, and scattered green plants."", ""Tree with twisted trunk, bright autumn leaves, irregular rocky base, and green plants."", ""Twisted white tree with autumn leaves, rocky base and green plants."", ""White tree with twisted trunk, autumn leaves, and rocky base."", ""Twisted tree with autumn leaves and uneven base."", ""Tree with twisted trunk, orange-yellow leaves."", ""White trunk, autumn leaves, scattered plants."", ""Twisted tree with autumn leaves."", ""Twisted white tree.""]",flower
4da4df5de805cb63863a95f5d86e6ffbffd1e7783d3399fb0bf235a421a5b1e6,hammer/hammer_036/hammer_036.blend,5.039413928985596,"[""Hammer with wooden, cylindrical, tapered handle and metal head; head has flat, square face on one side and rounded peen on the other. Handle is brown with wood grain, and head is dark gray with matte finish."", ""Hammer with brown cylindrical, tapered wooden handle and dark gray metal head with square and rounded sides."", ""Hammer with a wooden handle and a flat, square-faced metal head."", ""Wooden-handled hammer with a two-sided metallic head."", ""Hammer with wooden handle and square-round metal head."", ""Hammer with dark head and brown handle."", ""Hammer with wood handle and gray head."", ""Wood-handled hammer with a gray head."", ""Hammer with tapered wooden handle."", ""Hammer with wooden handle."", ""Wooden-handled hammer.""]",hammer
4f5b27c50db090ba3cd14d0322b248cb4a8d9534ad3d37177f29d55191088d82,ice_cream/ice_cream_042/ice_cream_042.blend,4.885722160339356,"[""A vertically elongated, faceted cylindrical popsicle with a bright purple color and a rounded hemisphere top, has a flat, thin, bright yellow rectangular stick protruding from the center bottom."", ""Purple cylindrical popsicle with faceted surface and rounded top on a yellow stick."", ""Bright purple, vertically elongated popsicle with rounded top on yellow stick."", ""Cylindrical purple popsicle with hemisphere top, on yellow stick."", ""Purple faceted popsicle with a yellow stick."", ""Elongated purple popsicle on yellow stick."", ""Purple cylindrical popsicle on stick."", ""Purple popsicle with yellow stick."", ""Purple popsicle on stick."", ""Purple popsicle, yellow stick."", ""Purple popsicle stick.""]",ice_cream
508d1e2fe029cb0e425c1ddc8bf328b18769b803703b66341c08eae619a8e0dc,penguin/penguin_009/penguin_009.blend,6.776608467102051,"[""A stylized, cartoonish blue bird-like creature with a round head, short orange beak, smiling expression, big circular eyes, red top hat with yellow trim, small egg-shaped body, stumpy blue wings, short orange feet, and a red vest with yellow trim."", ""Stylized blue bird with round head, orange beak, large eyes, red top hat, tiny body, stumpy wings, orange feet, and red vest."", ""Blue bird-like creature with round head, short beak, circular eyes, wearing a red top hat and vest with yellow trim."", ""Cartoonish blue bird with round head, orange features, wearing red clothing with yellow outlines and a cheerful expression."", ""Stylized blue bird with big eyes, top hat, and vest, has cheerful expression, short beak and feet."", ""Blue creature with bird-like features, wears a top hat and vest, large eyes and a smiling face."", ""Cartoonish blue bird with top hat, yellow-trimmed vest, big eyes, and a happy face."", ""Blue bird with top hat, vest, large eyes, and smile."", ""Happy blue bird with red hat and vest."", ""Cheerful bird in red clothing."", ""Smiling blue bird.""]",penguin
50b2279d650a8ab8be384bf69350b4e1d570aae9f8920101942f950dec833e0e,elephant/elephant_045/elephant_045.blend,6.105388641357422,"[""Cartoon elephant with light blue, low-poly design, large oval head, pink inner ears, surprised eyes, small tusks, curved trunk, rounded body, lighter belly, short legs, curved tail, black hair tuft, and red bow tie."", ""Cartoon elephant with light blue low-poly design, surprise eyes, small tusks, red bow tie."", ""Cartoon elephant, blue low-poly, large head, small tusks, bow tie."", ""Light blue low-poly cartoon elephant with surprised eyes and red bow tie."", ""Cartoon elephant, light blue, small tusks, red bow-tie."", ""Blue low-poly elephant, surprised eyes, red bow tie."", ""Light blue cartoon elephant with a red bow tie."", ""Blue low-poly elephant with red bow tie."", ""Blue elephant with red bow tie."", ""Cartoon blue elephant, bow tie."", ""Blue elephant, red tie.""]",elephant
51647eff8db5bc86030e2fab646857fca4cf195d3703c03af1a0014b39c21034,bowl/bowl_004/bowl_004.blend,6.275799751281738,"[""A solid pink hemispherical bowl with a slightly rolled-outward rim, a smooth concave interior, and a uniformly curved base without a flat bottom."", ""Pink hemispherical bowl with a rolled rim and smooth curving base."", ""Bright pink bowl with curving base and rolled rim."", ""Smooth pink hemisphere with outward rim."", ""Pink bowl with curved base and rim."", ""Solid pink bowl with curved base."", ""Smooth hemisphere with rolled rim."", ""Pink bowl, rolled rim."", ""Curved pink bowl."", ""Rolled rim bowl."", ""Pink bowl.""]",bowl
520339d28e544b4eddcb864303c088638db0be1552b51428f8977008d44b6f8b,horse/horse_008/horse_008.blend,4.846810340881348,"[""A light blue 3D pony with a purple collar and red gem pendant. It has two pointed ears, eyes as shallow cavities, a soft smile, and green-starred hair buns. A green sheriff's badge decorates each flank."", ""A light blue pony with a red gem pendant, purple collar, green-starred hair buns, and flanking green sheriff's badges."", ""A 3D light blue pony, red gem pendant, purple collar, green-starred hair, and sheriff badges."", ""Light blue pony with a red gem, purple collar, green-starred hair, and sheriff badges."", ""3D pony with gem pendant, collar, green-starred hair, and sheriff badges."", ""Blue pony with gem, collar, starred hair, and sheriff badges."", ""Pony with pendant, collar, starred hair, and badges."", ""Blue pony with gem, collar, hair, and badges."", ""Pony with gem, collar, hair, and badges."", ""Blue pony with gem and badges."", ""Pony with gem and badges.""]",horse
520c12e3826fe1e6238f1fd47a104b26408d0a17bea46180434956c0eb473ba6,airplane/airplane_005/airplane_005.blend,5.6782073974609375,"[""A small, propeller-powered airplane with a single engine, an elongated white fuselage with red bands, low red rectangular wings, a red two-blade propeller, red stabilizers, an open cockpit, and red-strutted landing gear."", ""A small single-engine plane with red and white body, low wings, and open cockpit."", ""Small propeller-powered airplane with white fuselage, red features."", ""Mini red and white plane with propeller and stabilizers."", ""Propeller aircraft with red and white design."", ""Small plane with red and white coloring."", ""Small red-striped propeller aircraft."", ""Small single engine plane."", ""Red and white airplane."", ""Propeller airplane."", ""Red Plane.""]",airplane
5394b7e7791ea5631c71c2d71afdb3dc866ea7a63a484aa42e9bac5e9036971e,chair/chair_145/chair_145.blend,4.589530944824219,"[""A modern lounge chair with a continuous, rounded design, bright yellow upholstered seat and backrest, a central hole, and four slender, angled metal legs with a silver finish."", ""Bright yellow modern lounge chair with rounded design and central hole."", ""Yellow lounge chair with central hole and slender legs."", ""Modern yellow chair with rounded design and hole."", ""Bright yellow chair with central hole featured."", ""Rounded yellow chair with silver metal legs."", ""Upholstered yellow chair with slender legs."", ""Modern yellow chair with hole."", ""Bright yellow rounded chair."", ""Yellow chair with hole."", ""Yellow chair.""]",chair
5617ce76ac8f1281e6c17c89f6f781c07ed46f28daf028fc76ce201b1f89086d,mouse/mouse_000/mouse_000.blend,5.683645248413086,"[""Two stylized 3D animal models: one egg-shaped with oval ears, the second with a more cylindrical torso and round mouse-like ears; both in light tan/beige, have short cylindrical arms and legs, and smooth textures."", ""Two 3D animals: one egg-shaped, one cylindrical, with round ears and short limbs, in light tan."", ""3D egg-shaped and cylindrical animals with round ears, in light tan."", ""Two 3D animal models; egg-shaped and cylindrical, both in light tan."", ""Egg-shaped and cylindrical 3D animals in light tan color."", ""3D light tan animals; one egg-shaped, one cylindrical."", ""Light tan, egg-shaped and cylindrical 3D animals."", ""Two 3D animals, egg-shaped and cylindrical."", ""Egg and cylinder-shaped 3D animals."", ""3D egg and cylinder animals."", ""Egg, cylinder animals.""]",mouse
5626e0b64ed5d2effaa73b829c8d4acf21b3dd0e05c7044287e5141d764a53b6,piano/piano_020/piano_020.blend,5.67969274520874,"[""Stylized orange giraffe-themed toy with white spots, a curved handle in the center, a smiling face with blue ears, and a row of eight rainbow-colored xylophone keys along its body."", ""Orange giraffe toy with white spots, handle, blue ears, and rainbow xylophone keys."", ""Stylized giraffe toy with central handle and eight rainbow xylophone keys."", ""White-spotted orange giraffe with handle and rainbow-toned xylophone."", ""Giraffe-themed toy with a handle and rainbow xylophone."", ""Smiling giraffe toy with a rainbow xylophone."", ""Toy giraffe with central handle and xylophone."", ""Giraffe toy with a musical xylophone."", ""Orange giraffe toy with xylophone."", ""Rainbow xylophone giraffe toy."", ""Giraffe xylophone.""]",piano
5731c173e00ce6433ccbcc7a27292685eeb36540909b7247e60452e2c1309104,airplane/airplane_025/airplane_025.blend,4.7002949714660645,"[""A light gray, streamlined fighter jet with a pointed nose, clear canopy cockpit, delta wings, no horizontal stabilizer, two outward-angled vertical stabilizers, and two engines under the wings."", ""Light gray streamlined fighter jet with pointed nose, clear canopy cockpit, delta wings, two engines, and vertically angled stabilizers."", ""Light gray fighter jet with pointed nose, clear cockpit, delta wings, two engines, and vertical stabilizers."", ""Grey fighter jet with pointed nose, clear cockpit, delta wings, and two vertical stabilizers."", ""Streamlined jet with a clear cockpit, delta wings, and two engines."", ""Sleek grey jet with pointed nose, delta wings, and clear cockpit."", ""Fighter jet with delta wings, and two engines."", ""Grey jet with pointed nose and delta wings."", ""Streamlined jet with delta wings."", ""Pointed nose fighter jet."", ""Gray delta-wing jet.""]",airplane
5755ba69848bcfdece107099917debc25809e32aa1ebbbfef990dc828295cf71,bottle/bottle_040/bottle_040.blend,5.705846786499023,"[""Classic green glass bottle with hourglass shape, cylindrical neck tapering upwards, dark green body, red label around middle section with white text \""Ajolot\"" and \""600ml\"", and a slight lip on top opening."", ""Green glass bottle, hourglass shape, tapered neck, red label \""Ajolot\"" & \""600ml\""."", ""Green bottle, hourglass shape, tapered neck, red \""Ajolot\"" & \""600ml\"" label."", ""Green hourglass bottle, tapered neck, \""Ajolot\"" & \""600ml\"" label."", ""Green bottle, hourglass shape, \""Ajolot\"" & \""600ml\"" label."", ""Green hourglass bottle with \""Ajolot\"" & \""600ml\"" label."", ""Hourglass bottle, \""Ajolot\"" & \""600ml\"" label."", ""Green bottle, \""Ajolot\"" & \""600ml\"" label."", ""Hourglass bottle, \""Ajolot\"" & \""600ml\""."", ""Green bottle with \""Ajolot\"" label."", ""Bottle, \""Ajolot\"" label.""]",bottle
58f0b91cc2cfcae31f7a8a2d89829344c0662a6da55f486c6e7e3b2fa3833b72,bowl/bowl_000/bowl_000.blend,5.848421096801758,"[""Round, white ceramic bowl with glossy finish, outwardly flared rim, red rooster and green leaves with red flower on the exterior, and subtle \""Blender\"" and \""BlenderArmy\"" logos near the interior rim."", ""White ceramic bowl with glossy finish, red rooster, green leaves, flower, and Blender logos."", ""Glossy ceramic bowl with rooster, leaves, flower, and Blender logos."", ""Ceramic bowl with rooster design and Blender logos."", ""Bowl with rooster illustration and Blender logos."", ""Glossy bowl with rooster and logos."", ""Bowl with rooster and Blender designs."", ""Ceramic bowl with rooster and logos."", ""Bowl with rooster and logos."", ""Rooster bowl with logos."", ""Rooster-logo bowl.""]",bowl
59cde6a20b9a88099cfffb49010aed45cb7243732ff9c1a62276bc6521213b45,ice_cream/ice_cream_012/ice_cream_012.blend,6.368645668029785,"[""A colorful, rectangular popsicle with rounded top edges and a slightly rounded cylindrical stick. It has three horizontal sections: red at the top, yellow in the middle, and green at the bottom. The stick is light brown."", ""A vibrant, rectangular popsicle with rounded top, three sections colored red, yellow, and green, on a brown stick."", ""A multicolored popsicle with rounded top, striped red, yellow, and green, on a stick."", ""A colorful, three-layered popsicle, red, yellow, green, on a rounded stick."", ""A striped popsicle in red, yellow, and green layers on a stick."", ""A tricolored, red, yellow, and green popsicle on a stick."", ""A popsicle with red, yellow, and green layers on a stick."", ""A red, yellow, and green layered popsicle on a stick."", ""A red, yellow, and green striped popsicle."", ""Colorful tri-layered popsicle."", ""Red yellow green popsicle.""]",ice_cream
5b0d46571763eb6fa448e1910f6f65e97387b3b9be5880ba52fd5d61c91f2159,shark/shark_023/shark_023.blend,4.535664081573486,"[""A streamlined, symmetrical fish with a tapered head, small eyes, and a horizontal mouth. Features a central dorsal fin, triangular pectoral and pelvic fins, and a forked tail. Uniform grey color with a minimalistic design."", ""Symmetrical fish with tapered head, small eyes, horizontal mouth, dorsal fin, pectoral and pelvic fins, forked tail in grey."", ""Grey streamlined fish, tapered head, small eyes, horizontal mouth, central dorsal fin, triangular fins, and forked tail."", ""Grey fish with small eyes, horizontal mouth, central dorsal fin, triangular fins, and a forked tail."", ""Symmetrical grey fish, small eyes, dorsal fin, pectoral and pelvic fins, tapered head, forked tail."", ""Grey fish with tapered head, small eyes, dorsal, pectoral and pelvic fins, forked tail."", ""Fish with dorsal, pectoral, pelvic fins, tapered head, small eyes and forked tail."", ""Grey fish with fins, tapered head, small eyes, and forked tail."", ""Fish with fins, small eyes, tapered head, forked tail."", ""Fish with fins, small eyes, forked tail."", ""Finned fish with forked tail.""]",shark
5b3b75405736ba5d378a1c787edacbfb470d6bc0a852ccf753ed74fdbaf0e8c0,shark/shark_008/shark_008.blend,5.612673282623291,"[""A stylized shark with a large head, small fins, deep blueish-gray color, oval eyes with purple irises, sharp teeth, streamlined body, large dorsal fin, crescent tail fin, smooth texture, and an intense, aggressive expression."", ""Stylized shark with large head, small fins, deep blueish-gray, and aggressive expression."", ""Stylized, blueish-gray shark with large head, small fins, and sharp teeth."", ""Deep blueish-gray shark with large head, small fins, and large dorsal fin."", ""Large-headed shark with small fins, sharp teeth, and crescent tail fin."", ""Blueish-gray stylized shark with an intense, aggressive expression."", ""Stylized shark with small fins and sharp teeth."", ""Deep blueish-gray shark with large dorsal fin."", ""Blueish-gray shark with an aggressive expression."", ""Large-headed, blueish-gray shark."", ""Blueish-gray shark.""]",shark
5ba7cb75d7553d36072b39f68fd661c018537e412db2c347df8e8f6e9006ee63,cake/cake_047/cake_047.blend,6.484391689300537,"[""A triangular prism slice of cheesecake with a glossy red fruit topping, featuring two hexagonal red pieces on top, a pale cream middle layer, and a thin brown grainy crust."", ""A triangular prism of cheesecake with glossy red fruit, two red hexagons, cream middle, and grainy brown crust."", ""Triangular prism cheesecake, red fruit topping, two red hexagons, pale cream layer, brown crust."", ""Cheesecake slice with glossy red topping, two red hexagons, cream middle, thin crust."", ""Glossy red topped triangular cheesecake with two hexagon pieces and crust."", ""Cheesecake with red fruit topping, two hexagons, and crust."", ""Red Topped triangular cheesecake with crust."", ""Cheesecake with red fruit and hexagons."", ""Fruit topped triangular cheesecake."", ""Red topped cheesecake."", ""Cheesecake.""]",cake
5baf6fb6255defbe0f89b94f4ecc434c3ec123598403ee1fa45801a3740effb4,sheep/sheep_003/sheep_003.blend,5.693565845489502,"[""Whimsical off-white cartoon sheep with textured curly wool, large blue eyes, and a rounded nose. It stands on a circular blue base inscribed with \""No More Counting These Guys.\"" Base features a yellow and white \""Serta\"" logo."", ""Off-white cartoon sheep with textured curly wool, large eyes, on a circular blue base with a \""Serta\"" logo."", ""Whimsical sheep with curly wool, blue eyes on a logo-inscribed circular base."", ""Cartoon sheep with textured wool, on circular base with logo."", ""Off-white sheep with curly wool on a blue base."", ""Whimsical sheep on a circular blue base."", ""Curly-wool sheep with a logo base."", ""Cartoon sheep on a blue base."", ""Sheep with a circular base."", ""Whimsical sheep on a base."", ""Sheep on base.""]",sheep
5bff04e64014c2000062108d28c3264c5dba03810f787263a4c1c31c013604f3,flower/flower_027/flower_027.blend,6.149141311645508,"[""A vibrant pink or purple daisy-like flower with elongated petals, smooth light pink center, long cylindrical light green stem, and two large smooth light green leaves at the upper stem and additional narrow leaves at the lower stem."", ""Vibrant pink daisy-like flower with petal, pink center, long stem, and various smooth leaves."", ""Bright pink flower with elongated petals, stem, and multiple leaves."", ""Vibrant daisy-like flower with stem and multiple leaves."", ""Pink elongated-petal flower with green stem and leaves."", ""Vivid pink flower, green stem with several leaves."", ""Bright flower, long stem, many leaves."", ""Pink flower with green stem and leaves."", ""Vibrant flower, stem, and leaves."", ""Pink flower, stem, leaves."", ""Flower and leaves.""]",flower
5c2350d8e29e64cb24a492bc92b133d157534f9d20d7f27f180566466557a34c,deer_moose/deer_moose_025/deer_moose_025.blend,6.117549896240234,"[""A cute, stylized 3D fawn with a large, rounded head, big expressive eyes, light brown gradient fur with darker spots, small nose, short stocky body, thin tapered legs darker at the bottom, stubby tail, and low-polygonal cartoon-like design."", ""A stylized 3D fawn with a large head, expressive eyes, and brown gradient fur."", ""3D fawn with large head, expressive eyes, and brown fur."", ""A cute 3D fawn with large head and brown fur spots."", ""3D fawn with a big head and darker fur spots."", ""Stylized 3D fawn with large head and dark spots."", ""Cartoon-like 3D fawn with expressive eyes."", ""Gradient brown 3D fawn with dark spots."", ""3D fawn with big head and spots."", ""Stylized, spotted 3D fawn."", ""3D Spotted Fawn.""]",deer_moose
5cfabbd5bb444edf16a5d482e675f3dd06329d8b297a4d1ad4bbf577e79d4e8c,bicycle/bicycle_011/bicycle_011.blend,7.00641393661499,"[""A classic step-through frame light turquoise bicycle with high curved white handlebars, a brown padded saddle, two metallic silver wheels with black tires, light turquoise fenders, white rear rack, silver crankset, black chain, and a metallic kickstand."", ""Light turquoise classic bicycle with curved white handlebars and brown padded saddle."", ""Turquoise bike with high white handlebars and brown saddle."", ""Turquoise bicycle with curved handlebars and padded saddle."", ""Turquoise bike with white handlebars and brown seat."", ""Light turquoise bicycle with white handlebars."", ""Turquoise bicycle with curved white handlebars."", ""Turquoise bike with high white handlebars."", ""Light turquoise bicycle with handlebars."", ""Turquoise bike with handlebars."", ""Turquoise bicycle.""]",bicycle
5d6a253b97b9e04a18f980a51d9cefa8b7a8751050cb51d7ac2f68561e06c556,fish/fish_016/fish_016.blend,5.7172465324401855,"[""A stylized, low-poly fish with an elongated yellow body, large round white eyes, a tube-like pink mouth, triangular pink dorsal fin with green stripes, rounded triangular green tail fin with pink stripes, and green trapezoidal pectoral fins."", ""A stylized low-poly fish with elongated yellow body and identifiable facial and part characteristics."", ""Low-poly fish with elongated yellow body, and distinctive colorful fins."", ""Stylized fish with elongated body and colored fins."", ""Yellow low-poly fish with distinguishable fins."", ""Stylized, colorful, low-poly fish."", ""Yellow fish with colorful fins."", ""Colorful low-poly fish."", ""Stylized yellow fish."", ""Yellow stylized fish."", ""Fish model.""]",fish
5e01de8f71b560ef4f45413ce3d5d352211eedbdeeb7d07829626935e798f624,chair/chair_176/chair_176.blend,5.8150482177734375,"[""Modern chair with a sleek, seamless design; white curved backrest; elliptical seat with purple cushion; supported by a white cylindrical stem and circular base."", ""Modern chair, white cylinder support and base, seamless design, white backrest, elliptical seat with purple cushion."", ""White modern chair with seamless design, elliptical seat with a purple cushion, cylindrical stem and base."", ""Modern chair with seamless white backrest, elliptical purple cushion seat on cylindrical support."", ""White chair, modern design, ellipse seat with purple cushion, cylindrical base."", ""Seamless chair with white backrest, purple cushion seat on a cylinder."", ""White modern chair, purple cushioned elliptical seat, cylindrical base."", ""Modern chair, white backrest, purple cushion, cylinder support."", ""White chair with curved backrest, purple cushioned seat."", ""Modern chair with purple cushion, white cylinder."", ""White chair, purple cushion.""]",chair
5e46ec6b32d1b4ef5cde4818389bf4dfde229411e982303ef9c4b2541a67aa08,chair/chair_187/chair_187.blend,4.778165817260742,"[""A modern lounge chair with a contoured, ergonomic design, sky blue cushioned rectangular backrest and seat with rounded corners, supported by a sleek chrome-finished metallic frame with continuous wavy support curves and additional structural bars."", ""Modern ergonomic lounge chair, sky blue cushioned, chrome-finish metallic frame."", ""A modern lounge chair with blue cushions, sleek chrome-finish frame."", ""Contoured chair with sky blue cushions and chrome-metallic frame."", ""Ergonomic chair, sky blue cushioned, chrome-metallic support."", ""Sky blue cushioned chair, chrome-finish metal frame."", ""Modern chair, blue cushions, chrome-metal frame."", ""Blue-cushioned chair with chrome-finish frame."", ""Sky blue modern chair, chrome support."", ""Blue Chair with chrome frame."", ""Blue Chrome Chair.""]",chair
5ee9de7a28903b1fdb8f6d2ddb687ef99a7ad9ed6efbc809ea8d0c98f423d77f,helicopter/helicopter_013/helicopter_013.blend,5.928703784942627,"[""Red helicopter with white windows, dark gray rotors and landing skids."", ""Red helicopter featuring white windows and dark grey rotors and skids."", ""Red helicopter with white windows and dark grey rotary elements."", ""Helicopter with white windows, dark gray rotors and skids."", ""Red helicopter having white windows and dark grey rotors."", ""Colorful helicopter with dark rotors and landing features."", ""Red copter with white windows and dark rotors."", ""Helicopter with white windows and dark parts."", ""Red helicopter with white and dark parts."", ""Red helicopter with contrasting components."", ""Red and gray helicopter.""]",helicopter
6035cde4fef075090988280d50d10399edac80ddffb92e5d374bf036514702b7,bowl/bowl_024/bowl_024.blend,5.419583320617676,"[""A modern, white, glossy ceramic bowl with a wide circular opening tapering smoothly to a smaller circular base, a moderately high profile, slightly thicker rim, and uniform smooth inner and outer surfaces ensuring stability."", ""A modern glossy white ceramic bowl with a wide opening and stable base."", ""A white and glossy ceramic bowl with a thick rim."", ""Smooth modern ceramic bowl with a moderate profile."", ""Ceramic bowl with wide opening and thick rim."", ""A modern and glossy ceramic bowl."", ""Stable, white, glossy ceramic bowl."", ""Glossy ceramic bowl with a base."", ""A modern ceramic bowl."", ""White ceramic bowl."", ""Ceramic bowl.""]",bowl
617f1915ccd5574ca8b4703355908e681ffb2d6d3b1a85ac1e08f35245a15596,candy/candy_045/candy_045.blend,5.762645721435547,"[""A silver, crinkled, cone-shaped body tapering to a sharp point with a smooth, waving, light gray flag reading \""HERSHEY'S\"" in blue uppercase letters."", ""Silver cone-shaped body with crinkled texture and Hershey's flag on top."", ""Crinkled silver cone with a Hershey's flag attached."", ""Silver cone with crinkled texture and flag on top."", ""Wrinkled silver cone with a flag reading Hershey's."", ""Crinkled silver cone with Hershey's flag."", ""Silver cone with Hershey's flag."", ""Crinkled Hershey's cone."", ""Hershey's silver cone."", ""Hershey's cone."", ""Cone.""]",candy
625c54b1edf0a4cf00603135e03920b34acf6b4c0523e4ac83c781ad362bfa9e,dragon/dragon_002/dragon_002.blend,6.328362464904785,"[""Cartoon-style dragon, predominantly orange with brown and white accents, large round head with expressive features, small wings, short arms, stocky legs with claws, long tail with spikes, playful and friendly appearance."", ""Cartoon-style dragon in orange, brown and white, with round head, small wings and short arms."", ""An orange cartoon dragon, with round head, small wings, and expressive features."", ""Friendly cartoon dragon, round head, small wings, orange with accents."", ""Orange cartoon dragon, round head, small wings, expressive."", ""Orange dragon, round head, small wings, cartoonish."", ""Animated dragon in orange with round head."", ""Friendly dragon in orange, cartoon style."", ""Round-headed orange cartoon dragon."", ""Playful orange dragon."", ""Orange dragon.""]",dragon
64068e28647953231631c59278fc2b4e8416bd4b09746fc074f3932752327160,cells_battery/cells_battery_003/cells_battery_003.blend,4.598513603210449,"[""The 3D object is a cylindrical Duracell AA alkaline battery. The top cap is silver, the upper body is copper, and the main body is black with white text and logos. The battery has a flat silver positive terminal with a small central protrusion."", ""Cylindrical Duracell AA alkaline battery with silver top, copper upper body, black main body, white text, logos, and central terminal protrusion."", ""Cylindrical Duracell battery with silver top, copper upper, black body, white logos, and small central terminal protrusion."", ""Duracell AA battery with silver cap, copper upper, black and white logo body, central terminal protrusion."", ""Cylindrical Duracell with a silver cap, copper upper, black-white body, and protruding terminal."", ""Duracell battery with silver top, copper, black-white body, and protrusion."", ""Duracell battery with silver, copper, black-white parts, and protrusion."", ""Cylindrical Duracell with varied color parts and protrusion."", ""Duracell battery with multiple colors and protrusion."", ""Duracell battery, varied colors, central protrusion."", ""Battery, mixed colors, protrusion.""]",cells_battery
6438b27eb559c15eac4dfe09dbab9ec75e2099cba8179a46d1da4431d3fbd5a1,shoe/shoe_007/shoe_007.blend,5.960236549377441,"[""High-top sneaker with flat white sole, red shiny toe cap with blue-purple paisley patterns, blue sides with red and blue floral and whimsical designs, lilac laces, red heel counter, blue padded ankle with whimsical patterns, and white stripe on sides."", ""High-top sneaker with blue-red floral sides, shiny red toe cap, lilac laces, blue ankle padding, and white stripe."", ""Blue-red floral high-top sneaker, shiny red cap, lilac laces, padded ankle, white stripe."", ""Blue-red floral high-top, red shiny toe, lilac laces, white stripe."", ""Blue-red high-top, shiny red toe, lilac laces."", ""Floral high-top, shiny toe, lilac laces."", ""High-top, red toe cap, lilac laces."", ""Floral high-top, lilac laces."", ""Floral high-top, red toe."", ""High-top, red toe."", ""Floral High-top.""]",shoe
64c7b83e830e23fc28c02e4d152994dd61b9fe131e8b2c2997b5b90779caa6b3,cat/cat_043/cat_043.blend,5.628968238830566,"[""A simplified, stylized anthropomorphic cat with a rounded head, large cat ears, round eyes, short cylindrical arms, short rectangular legs, and a slightly curled tail. The entire figure is light greyish-white, cartoony, and cute with uniform color."", ""Stylized, anthropomorphic cat figure with rounded head, large ears, and short arms and legs in greyish-white."", ""Anthropomorphic, cartoon-like cat with rounded head and large ears, short limbs, in light grey."", ""Cartoon cat figure with large ears, short limbs, greyish-white color."", ""Stylized cat with abbreviated limbs, large ears, greyish-white hue."", ""Simplified greyish-white cat with large ears and short limbs."", ""Cartoon cat with large ears, short physique."", ""Stylized, short-limbed, large-eared cat."", ""Greyish-white cartoon cat figure."", ""Simplified, round cat figure."", ""Round, grey cat.""]",cat
659953c5e725f3bfb95723f7ddaf3ee81ed0e2c5d3917faed0b6a25183695666,shoe/shoe_006/shoe_006.blend,5.962641716003418,"[""Low-top, dark gray sneaker with white sole, faceted low-poly aesthetic, white Nike swoosh on sides, white laces with five pairs of eyelets, accent lines edged with white, plain heel, and textured, thick white outsole."", ""Dark gray, low-top sneaker, faceted low-poly, white Nike swoosh, white laces, thick outsole."", ""Low-top sneaker with Nike swoosh and thick white outsole."", ""Dark gray sneaker with a faceted low-poly aesthetic."", ""White-laced, low-top sneaker with white outsole."", ""Gray sneaker with white Nike swoosh."", ""Faceted sneaker with thick white outsole."", ""Low-top sneaker with white details."", ""Dark gray Nike sneaker."", ""Granular Nike sneaker."", ""Gray sneaker.""]",shoe
65c120b8f816a5ec1dc968487dd78dae76aa71d8e62a88e2611d78d881fb71b6,fish/fish_012/fish_012.blend,5.0403900146484375,"[""A stylized low-poly purple anglerfish with triangular mouth and teeth, small pectoral fins, larger triangular tail fin, grey bulging eyes, and a curved barbel ending in a yellow sphere. Smooth, flat geometric surfaces without texture details."", ""Low-poly purple anglerfish with triangular mouth, teeth, large tail fin, small pectoral fins, grey eyes and yellow barbel."", ""Minimalist purple anglerfish with triangular features, small fins, large tail fin, grey eyes and yellow barbel."", ""Purple anglerfish with triangular mouth and tail fin, small fins, grey eyes and yellow barbel."", ""Stylized purple anglerfish with triangular mouth, large tail fin, and yellow barbel."", ""Purple anglerfish with large tail fin, grey eyes, and yellow barbel."", ""Purple anglerfish with triangular features and yellow barbel."", ""Anglerfish with triangular mouth, large tail, yellow barbel."", ""Purple anglerfish with large tail and yellow barbel."", ""Triangle-shaped purple anglerfish with yellow barbel."", ""Purple anglerfish, yellow barbel.""]",fish
66281d154a01f95aaf58f0c52440386448c074b0c91ef62515684cfa75a99a40,screwdriver/screwdriver_035/screwdriver_035.blend,4.693137645721436,"[""A set of dental endodontic files with light gray cylindrical handles, yellow connecting sections, and thin metallic shafts that taper to fine, spiral, or ridged tips of varying sharpness."", ""Set of dental endodontic files with light gray handles, yellow connectors, metallic shafts with varied tips."", ""Endodontic files with gray handles, yellow sections, and metallic varied tips."", ""Dental files with gray handles, yellow parts and metallic, varied tips."", ""Set of dental files with varied metallic tips."", ""Endodontic files with metallic, varied tips."", ""Dental files with gray handles and varied tips."", ""Set of files with varied metallic ends."", ""Endodontic files with varied tips."", ""Dental files with varied tips."", ""Files with varied tips.""]",screwdriver
679f30549cb13215f77306160d886aec294b5cf5f4521736399f7a910e88fbb6,dragon/dragon_024/dragon_024.blend,4.840404510498047,"[""A slender, black dragon with teal spines and large, teal bat-like wings with black veins, angular head with small horns, bright eyes, four slender legs, and long tail with teal spines."", ""A slender black dragon with teal spines, bat-like wings, angular head, small horns, bright eyes and a long tailed creature."", ""Black dragon with teal spines, bat-like wings, horned head, bright eyes, and a long, spiky tail."", ""Angular-headed black dragon with teal, bat-like wings, horned, bright-eyed, and long-tailed."", ""Teal-spined black dragon, bat wings, horns, bright-eyed, and spiked tail."", ""Black dragon with teal wings, horns, eyes, and a spiked tail."", ""Dragon with teal accents, horns, eyes, and a long tail."", ""Horned black dragon with teal wings and tail."", ""Teal accented black dragon with horns."", ""Black dragon with teal spines."", ""Teal-winged dragon.""]",dragon
68313d88338d816547e556c055e11f8057087435858ef501473dc9ff0ce87f26,candy/candy_031/candy_031.blend,5.526251316070557,"[""A conical, faceted 3D object with three color segments: yellow at the top, orange in the middle, and yellow at the base."", ""A 3D faceted cone with yellow top, orange middle, and yellow base."", ""Three-segmented 3D cone: yellow top, orange centre, and yellow base."", ""3D cone with yellow peak, orange middle, and yellow bottom."", ""Faceted cone with yellow-orange-yellow color segments."", ""3D cone with color segments yellow-orange-yellow."", ""Yellow-orange-yellow segmented 3D cone."", ""3D cone: yellow top and base, orange middle."", ""Yellow-top, orange-center, yellow-base cone."", ""Yellow-orange-yellow faceted cone."", ""Yellow-orange cone.""]",candy
6866559322ae3d88f32a173aaf973cf053f701d6ee1601602ef296bb090b5bdc,tree/tree_011/tree_011.blend,5.838935375213623,"[""A tall, slender palm tree with a smooth, white, slightly tapered trunk and numerous long, slender, white leaves that arch outward and downward, forming a circular canopy."", ""Tall, slender palm tree with a smooth white, slightly tapered trunk, and long white leaves forming a circular canopy."", ""Tall, slender palm tree with white trunk and white leaves forming a canopy."", ""Palm tree, slender and tall, with white trunk and white leafy canopy."", ""Slender palm tree with a white tapering trunk and white leaf canopy."", ""Tall palm tree with a white trunk and white, leafy canopy."", ""Palm tree with a smooth white trunk and arching white leaves."", ""Tall white trunk palm tree with downwardly arching leaves."", ""White, slender palm tree with a circular canopy."", ""Tall palm tree with white circular canopy."", ""White palm tree with canopy.""]",tree
6984ea2dd30d5b6c3acc89260d7c6665a45b92e390e7c291d1efd615261f6482,bottle/bottle_062/bottle_062.blend,6.4041900634765625,"[""A dark green standard beer bottle with a smooth cylindrical neck and body, a flat base, and a circular label reading \""JOHNNY'S BEER\"" with a rustic design, red border, and aged brownish-yellow center."", ""Dark green beer bottle, cylindrical neck and body, \""JOHNNY'S BEER\"" aged label."", ""Green beer bottle with \""JOHNNY'S BEER\"" label."", ""Cylindrical beer bottle, \""JOHNNY'S BEER\"" label."", ""Green bottle, \""JOHNNY'S BEER\"" label."", ""\""JOHNNY'S BEER\"" on green bottle."", ""Green bottle, \""JOHNNY'S BEER\""."", ""\""JOHNNY'S BEER\"" green bottle."", ""Green \""JOHNNY'S BEER\"" bottle."", ""\""JOHNNY'S\"" beer bottle."", ""Beer bottle.""]",bottle
6de64aedc23841923d31b50eac6796ab15d193002a93270367fea8af2194674d,mushroom/mushroom_005/mushroom_005.blend,5.701956272125244,"[""A low-poly 3D mushroom object with a polygonal, vibrant purple umbrella-shaped cap and a smooth, medium brown cylindrical stem."", ""Low-poly 3D mushroom with a polygonal, vibrant purple cap and brown stem."", ""Polygonal 3D mushroom with purple cap and medium brown stem."", ""Visually striking 3D mushroom with purple, polygonal cap."", ""Low-poly 3D purple-capped mushroom with brown stem."", ""Polygonal purple-capped 3D mushroom structure."", ""Vibrant purple, brown-stemmed 3D mushroom."", ""3D mushroom, purple cap, brown stem."", ""Purple-capped brown-stemmed 3D mushroom."", ""3D mushroom, purple and brown."", ""Purple, brown mushroom.""]",mushroom
6ee7506b3e0459766868f2e1a716d9e68a95ccb1159d6fc9085d32d0ed23f5b9,donut/donut_026/donut_026.blend,6.02011251449585,"[""A low-poly, cyan torus with faceted surfaces and orange cylindrical sprinkles uniformly distributed on its top surface."", ""A cyan colored, low-poly torus with orange cylindrical sprinkles on top."", ""Faceted cyan torus with uniform orange cylindrical sprinkles."", ""Cyan torus with orange, evenly distributed, cylindrical sprinkles."", ""Low-poly torus with orange cylindrical toppings."", ""Cyan torus with orange cylinder sprinkles."", ""Faceted torus with orange toppings."", ""Cyan torus with orange sprinkles."", ""Torus with cylindrical sprinkles."", ""Cyan torus and orange sprinkles."", ""Torus with sprinkles.""]",donut
6f737f9b727d2554d4587dc46817c36bc66743a6d70df8779479938c69cbfb40,chair/chair_074/chair_074.blend,5.626739501953125,"[""A modern swivel stool with a circular glossy red seat, chrome base with a height-adjustable black gas lift, five tubular chrome legs with black casters, used in office or medical settings. Height adjustable between 18-24 inches."", ""Modern swivel stool with glossy red seat, chrome adjustable base, five legs."", ""Glossy red swivel stool with adjustable chrome base and five legs."", ""Red seat and chrome base stool with height adjustability."", ""Red swivel seat with adjustable chrome base."", ""Modern stool with glossy red seat and adjustable base."", ""Red seat swivel stool with adjustable legs."", ""Adjustable red seat with chrome base stool."", ""Swivel stool with adjustable red seat."", ""Adjustable red swivel stool."", ""Red stool.""]",chair
719208e0b4c6f348fac7d5e7e4f470a3057cd47d895b65e1f181b5131fb98bf2,sofa/sofa_026/sofa_026.blend,5.774966716766357,"[""Two-seater pastel pink fabric-upholstered sofa with rectangular backrest, tall back cushions divided into two segments, rounded broad armrests with faint button detailing, and short dark legs. Modern minimalist design suitable for residential use."", ""Two-seater pastel pink sofa with divided tall back cushions and rounded armrests."", ""Pastel pink two-seater sofa with tall, divided back cushions."", ""A two-seater sofa with tall back cushions in pastel pink."", ""Pastel pink sofa with split-cushion backrest and rounded armrests."", ""Soft pink two-seater with tall segmented back cushions."", ""Pink two-seater with divided tall backrest."", ""Pastel pink sofa with divided back cushions."", ""Pink sofa, divided backrest, rounded arms."", ""Two-seater, pink, divided cushions."", ""Pink two-seater sofa.""]",sofa
71f7890cef9bd78ae6c4711a25c237983199a6de7c55199270667206fb0bbbdb,cat/cat_028/cat_028.blend,6.034802436828613,"[""Anthropomorphic, flying blue cat with white wings, black vest with gold lining, gray belt, round head with large white eyes, pink-interior ears, small open mouth, short limbs, and a thin curved tail."", ""Flying blue cat, white wings, black/gold vest, gray belt, large-eyed, open-mouthed."", ""Anthropomorphic blue cat, white wings, black vest, gold lining, grey belt."", ""Blue cat, white wings, black vest with gold, big white eyes."", ""Anthropomorphic flying cat, white wings, black/gold vest, large eyes."", ""Flying cat with wings, black vest, grey belt, and large eyes."", ""Blue cat, white wings, black vest, round head, large eyes."", ""Blue winged cat, black vest, gold lining, and large eyes."", ""Flying cat in black vest with wings and big eyes."", ""Blue winged cat with black vest and large eyes."", ""Flying blue cat, black vest.""]",cat
725161c59d345f6b7e04e9d8f3088112ee5ca1ba64d917d3e70182782d71dabc,sandwich/sandwich_000/sandwich_000.blend,4.912084579467773,"[""A yellow, multi-layered geometric object with a hexagonal top layer, progressively darker yellow rectangular cuboid layers beneath, each decreasing slightly in width and depth, and a beveled edge on top and bottom layers."", ""Yellow geometric object with multi-layered hexagon top, darker yellow cuboid layers diminishing in size, and beveled edges."", ""Yellow geometric piece, hexagonal top, multi-layered darker cuboids underneath, with beveled boundaries."", ""Multi-layered yellow object with a hexagonal top, decreasing cuboids, and beveled edges."", ""Yellow geometric figure, hexagon top, progressively smaller cuboids, beveled edging."", ""Layered yellow model, hexagon on top, tapering cuboids, beveled edges."", ""Hexagon-topped, multi-layered, yellow geometric shape with bevelling."", ""Yellow, hexagonal top, layered geometric object, beveled."", ""Layered yellow shape, hexagon top, beveled edges."", ""Yellow hexagon, layered, with beveled edges."", ""Yellow hexagonal, layered, beveled object.""]",sandwich
742a12a9c494dbdc4558834ac18e5a636e5d546c039bd0fc712eda7b082e79d0,shoe/shoe_015/shoe_015.blend,6.844817638397217,"[""The object is a rugged, ankle-high dark brown leather left boot with a round toe, thick flat sole, visible stitching, five metallic eyelets with dark grey laces, reinforced heel, padded collar, and worn matte finish with scuff marks."", ""Rugged, ankle-high dark brown leather boot with visible stitching and scuff marks."", ""Ankle-high leather boot with thick sole, laced eyelets and padded collar."", ""Dark brown boot with round toe, reinforced heel and matte finish."", ""Sturdy leather boot with visible stitching and metallic eyelets."", ""Rugged, worn boot with scuff marks and grey laces."", ""Dark brown ankle-high boot with flat sole."", ""Reinforced heel, round-toe leather boot."", ""Scuffed dark brown boot."", ""Laced, padded-collar boot."", ""Leather boot.""]",shoe
74e3f3dea82a34146bbd089a9c25ad715e4cbc4b41329c2aa6c75324beb85a62,horse/horse_018/horse_018.blend,6.0190253257751465,"[""A stylized, realistic light brown horse with a white mane and tail, dark brown saddle and reins, and black hooves, standing naturally with gear including a contoured saddle, stirrups, and functional reins, ready for riding."", ""A light brown horse with white mane, dark saddle, black hooves, and riding gear."", ""Stylized horse with white mane, dark saddle, and riding essentials."", ""Light brown horse with riding gear ready."", ""Horse with white mane, saddle, and gear."", ""Stylized, gear-equipped horse ready for ride."", ""Horse equipped with dark saddle and reins."", ""Horse with saddle and gear for ride."", ""Stylized horse with riding saddle."", ""Saddle-equipped riding horse."", ""Horse with saddle.""]",horse
74fc720576f3cc83364270defeb24c135ea4686679190e327f9aba2337bd5dd4,bottle/bottle_004/bottle_004.blend,5.340929985046387,"[""A 3D model of a white wine bottle with a transparent, light greenish-yellow body, a red capsule covering the cork, and detailed rectangular labels on the front and back with \""SAUVIGNON 2017\"" and logos."", ""White wine bottle 3D model with greenish-yellow body, red cork cover, and detailed \""SAUVIGNON 2017\"" labels."", ""3D white wine bottle, light green-yellow body, red capped cork, detailed \""SAUVIGNON 2017\"" labels."", ""3D wine bottle, greenish-yellow, red-capped, \""SAUVIGNON 2017\"" labels."", ""3D wine bottle with green-yellow body, red cap, \""SAUVIGNON 2017\"" labels."", ""White wine bottle, green-yellow, red cap, \""SAUVIGNON 2017\"" labels."", ""3D wine bottle: green-yellow, red cork, labeled."", ""Wine bottle, green-yellow, red cap, labeled."", ""3D green-yellow wine bottle, labeled."", ""Wine bottle with labels."", ""Labeled wine bottle.""]",bottle
7559100494c04df2b6c6cf36d79327eeffb6bbadc32e82e90be1d545ab2232ab,flower/flower_002/flower_002.blend,5.585074424743652,"[""Polygonal flowers with orange petals in two layers, yellow hexagonal stamens, thin green stems, and sparse oval leaves. Clustered arrangement with varied orientation, creating a dense, low-poly bouquet."", ""Polygonal flowers with orange petals, yellow hexagonal stamens, thin stems, and sparse leaves in a dense arrangement."", ""3D model of bouquet featuring low-poly, orange-flowered, green-stemmed and sparse-leaved plants."", ""Low-poly orange flowers with green stems, yellow stamens, and sparse leaves in a bouquet."", ""Polygonal bouquet of orange flowers with thin stems, sparse leaves, and hexagonal stamens."", ""Dense cluster of low-poly, orange-flowered plants with thin stems and sparse leaves."", ""Orange polygonal flowers with yellow stamens and thin stems in a cluster."", ""3D bouquet of polygonal orange flowers with sparse leaves."", ""Low-poly cluster of orange flowers with green stems."", ""Dense arrangement of low-poly orange flowers."", ""Orange polygonal flower bouquet.""]",flower
7a4cdfcb1b3a1e5a45e77fb543d7c049ffb165431287b8d3db1049dcd3da76d5,cake/cake_018/cake_018.blend,6.217282295227051,"[""Three-tier octagonal cake: yellow bottom, pink middle, white top. Nine white candles with yellow teardrop flames symmetrically arranged on the top tier."", ""Three-tier octagonal cake with yellow base, pink center, white top and nine white candles."", ""Triple-layer octagonal cake: yellow, pink, and white with candles."", ""Octagonal cake in yellow, pink, white with nine candles."", ""Three-tier cake with yellow, pink, white layers, candles."", ""Multicolored three-layer cake with white candles."", ""Yellow, pink, and white cake with candles."", ""Three-layer cake with nine candles."", ""Colored cake with nine candles."", ""Triple-layer cake with candles."", ""Cake with candles.""]",cake
7a9068c379ba0ce03700b734d2b6d1f0f59c6a77867eefea2f7ad43436614b58,fish/fish_031/fish_031.blend,6.015674591064453,"[""Model of an oval, laterally compressed reef fish with dark purple body, rounded head, small eyes and mouth, single dorsal and anal fins with gradient effect, blue pectoral and pelvic fins, light blue caudal fin, and smooth, scaled surface."", ""Oval reef fish model, dark purple, small eyes, single dorsal fin, blue fins, light blue tail."", ""Oval, laterally compressed reef fish model with dark purple body."", ""Dark purple, oval reef fish with blue gradient fins."", ""3D model of oval, dark purple laterally compressed fish."", ""Model of dark purple, oval-shaped reef fish."", ""Dark purple oval fish with colourful fins."", ""Purple fish model with blue gradient fins."", ""Purple fish with blue fins."", ""Oval purple fish with fins."", ""Purple reef fish.""]",fish
7adab0fa9ffb1f7bb953f8d9e86fd39069fa13a2b1475e4c9d92ddf4b01aaeb4,mushroom/mushroom_006/mushroom_006.blend,5.514954566955566,"[""Low-poly model of a yellow mushroom with an umbrella-shaped cap and a cylindrical, facet-stem tapering at the base."", ""Low-poly, yellow mushroom with umbrella cap and facet-stem tapering base."", ""Low-poly model of a yellow umbrella-shaped mushroom."", ""Yellow mushroom with a tapered, facet-stem base."", ""Low-poly, yellow mushroom with tapered base."", ""Yellow mushroom with umbrella cap."", ""Low-poly model of yellow mushroom."", ""Yellow mushroom with tapered stem."", ""Yellow low-poly mushroom."", ""Yellow mushroom model."", ""Yellow mushroom.""]",mushroom
7b25ff9befcc3e1bfb53fc580949b2610344b04fd459b904f05ae0ca4f15f3d0,cookie/cookie_017/cookie_017.blend,6.793469429016113,"[""A simple, low-poly, light yellowish-brown, roughly circular cookie with a slightly domed shape, moderate thickness, and 8 to 10 randomly distributed, dark brown, irregularly shaped chocolate chips, with slightly faceted surface texture."", ""Low-poly, light yellowish-brown, roughly circular cookie with domed shape and dark brown chips."", ""Light yellowish-brown, low-poly, circular cookie with chocolate chips."", ""Circular, low-poly cookie with dark chocolate chips."", ""Low-poly cookie with dark brown chips."", ""Yellow-brown cookie with chocolate chips."", ""Rounded cookie with chocolate chips."", ""Cookie with dark chocolate chips."", ""Circular cookie with chips."", ""Chipped cookie."", ""Cookie.""]",cookie
7bbc0c254b55da7da067ea22a2a3967b3adb882beae5f55d6a22c31b6fb46c4a,mushroom/mushroom_002/mushroom_002.blend,6.183792591094971,"[""An intricately textured, broad, flat-hemispherical mushroom cap in brown shades with a cracked, ridge-like surface; a straight, light beige to white smooth stem extends from the center underside, viewed from various angles emphasizing the cap."", ""Textured, broad mushroom cap with a cracked surface and light stem."", ""Broad mushroom cap with textured, cracked surface and smooth stem."", ""Intricately textured mushroom cap with a light beige stem."", ""Brown mushroom cap with a ridge-like surface and stem."", ""Flat-hemispherical mushroom with a straight, smooth stem."", ""Cracked cap mushroom with a light-colored stem."", ""Broad mushroom cap with a central stem."", ""Textured mushroom cap with stem."", ""Brown mushroom with stem."", ""Mushroom cap and stem.""]",mushroom
7c01188205788d3691b3658982c79abc1cfdd2f5e6b1d2c77a305945e1fcb70d,donut/donut_024/donut_024.blend,6.862051010131836,"[""Low-poly toroid with faceted surfaces and a polygonal central hole; top surface is cream-colored, bottom is bright yellow, and transition is sharp and distinct."", ""Low-poly toroid, faceted, with polygonal hole, cream top, yellow bottom."", ""Faceted toroid with cream top, yellow base, polygonal hole."", ""3D toroid, cream and yellow, with faceted surface."", ""Low-poly toroid in cream, yellow and polygonal hole."", ""Toroid with cream top, yellow bottom, polygonal hole."", ""Cream and yellow faceted toroid with hole."", ""Cream-yellow 3D toroid with hole."", ""Faceted cream-yellow toroid."", ""Cream-yellow toroid."", ""Toroid.""]",donut
7c74be1d0077fd964860264d743e9b578230089fc7b6f6edac218a7bce004bf5,candy/candy_004/candy_004.blend,5.632709503173828,"[""A cylindrical wrapped candy with alternating red and white stripes, rounded ends, smooth glossy texture, and clear plastic wrapping."", ""A cylindrical candy with red and white stripes, rounded ends and glossy texture in plastic wrapping."", ""Striped cylindrical candy with rounded ends, glossy texture, encased in plastic."", ""Red and white striped cylindrical candy, rounded, glossy, in plastic."", ""Red-white cylindrical candy with glossy surface in plastic."", ""Candy with red/white stripes, glossy texture, in plastic."", ""Striped, glossy, rounded candy in plastic."", ""Glossy, striped candy with rounded ends."", ""Striped, cylindrical candy in plastic."", ""Glossy, striped candy in wrapping."", ""Wrapped striped candy.""]",candy
7d860d38b71a44130fc1d5397970cced30a03c0bad60fcb0de59cf7dd5ffc055,snake/snake_024/snake_024.blend,4.917154312133789,"[""The 3D model is a beige, smooth-bodied snake with a sinuous, curving shape, a tapered tail, and a defined head featuring darker eyes and a tapered snout, resembling a fluid, natural motion."", ""Beige smooth snake with curving body, tapered tail, and defined head."", ""A beige snake with a sinuous body, tapered tail and head."", ""Smooth beige snake with curving body and distinct head."", ""Beige snake with a curving body and defined head."", ""Smooth-bodied beige snake with a curving shape."", ""Beige snake with a sinuous and curving body."", ""Beige snake with a defined head."", ""Curving beige snake with head."", ""Sinuous beige snake."", ""Beige snake.""]",snake
7e09a164697c39f4c75469be906f475d36b36e6f7fd4050c11f7c29de3620873,penguin/penguin_020/penguin_020.blend,5.779698371887207,"[""A cute, stylized penguin with a rounded blue body, white belly, black eyes, yellow beak, pink hat with pom-pom, and matching pink scarf with white spots."", ""A cute penguin with a rounded blue body, white belly, black eyes, yellow beak, pink hat and scarf."", ""Stylized penguin with blue body, white belly, black eyes, yellow beak, pink clothing."", ""Blue penguin with white belly, yellow beak, pink hat and scarf."", ""Stylized penguin with blue body, pink clothing."", ""Cute blue penguin with pink hat and scarf."", ""Blue penguin with pink winter-wear."", ""Penguin with blue body and pink accessories."", ""Blue penguin with pink clothing."", ""Blue penguin with pink outfit."", ""Penguin, blue, pink clothes.""]",penguin
7e9e99e216a5174dd359c7a753c8ec77bab08b8f9617e068bb7b26b1d4ebaa69,elephant/elephant_039/elephant_039.blend,5.671030044555664,"[""A highly detailed and realistic standing elephant with a slightly lowered head, upward-curved trunk, large well-proportioned head, broad ears, curved tusks, massive barrel-shaped body, thick legs, short tail with a tuft, and rough, leathery grayish-brown skin."", ""Realistic standing elephant with lowered head, upward-curved trunk, and broad ears."", ""Detailed elephant with curved trunk, large head and massive body."", ""Standing elephant with upward-curved trunk and massive body."", ""Elephant with broad ears, curved tusks and grayish-brown skin."", ""Large elephant with lowered head and barrel-shaped body."", ""Elephant with upward-curved trunk and rough skin."", ""Elephant with curved tusks and broad ears."", ""Standing elephant with thick legs."", ""Elephant with short tail and tuft."", ""Grayish-brown elephant.""]",elephant
7fb18cfc0639af25abc0c101e43c72a33adb09724b4eb5e8160baeefd33af754,penguin/penguin_027/penguin_027.blend,5.885178565979004,"[""A stylized penguin with a cylindrical body, rounded head, wearing a black top hat and bow tie. Its head and upper body are black with yellow patches, chest and belly are white, and its wings and feet are black."", ""Penguin with black, cylindrical body, rounded head, top hat, bow tie, yellow patches on black upper body and white chest."", ""Stylized penguin, black cylindrical body, rounded head, dressed with black top hat and bow tie, yellow patches, white chest."", ""Penguin with rounded head, top hat, bow tie, cylindrical body with black, yellow, and white color pattern."", ""Stylized penguin in top hat, bow tie, black body with yellow patches and white chest."", ""Black penguin, cylindrical body, yellow patches, white chest, black hat and tie."", ""Penguin with top hat, bow tie, yellow patches on black body."", ""Black penguin with yellow touches, top hat, bow tie."", ""Hat-wearing penguin with black, yellow, and white body."", ""Black penguin with hat, tie, yellow details."", ""Penguin, hat, tie, black-white-yellow.""]",penguin
8068cc9bd437cd6f9d390e04a696db58b9cbeeeb5da62555de7975c3aa6952bf,flower/flower_014/flower_014.blend,5.404299736022949,"[""A white, trapezoidal pot filled with soil contains three yellow daffodil-like flowers with six petals and trumpet centers, green stems, and a natural, offset arrangement."", ""White trapezoid pot with soil, three yellow six-petaled daffodils and green stems."", ""Trapezoidal pot, soil, three yellow daffodils with six petals."", ""White pot with yellow six-petaled daffodils and green stems."", ""Three daffodils in a trapezoidal pot with soil."", ""White pot containing yellow daffodils with soil."", ""Pot with six-petaled daffodils and soil."", ""Daffodils in a white, trapezoidal pot."", ""Yellow daffodils in a white pot."", ""Daffodils in a pot."", ""Pot with daffodils.""]",flower
8100f0902835fa353d7c67019ca4d384394f6c994bebea0582a6485f8b36127c,chair/chair_047/chair_047.blend,5.800592422485352,"[""A blue, distressed stool with a square seat, four straight, tapering legs, and two sets of crossbars, one near the bottom and one mid-height, both showcasing worn areas revealing a rust-like texture."", ""Blue distressed stool with square seat, four tapering legs and two crossbars."", ""Blue stool with square seat, tapering legs and two crossbars."", ""Distressed stool with four legs and two crossbars."", ""Blue, worn stool with square seat and crossbars."", ""Distressed stool with square seat and crossbars."", ""Blue worn stool with tapering legs."", ""Distressed stool with two crossbars."", ""Blue stool with square seat."", ""Worn stool with crossbars."", ""Blue distressed stool.""]",chair
81267e668ebfb33b851a175daa990c1b3c956766ffc7056989c725b660f85db6,candy/candy_027/candy_027.blend,4.516409397125244,"[""A light pink, thin, oval tablet with a slightly speckled texture, featuring a wavy bottom edge with three concave sections and a rounded top."", ""Oval light pink tablet with a speckled texture, wavy bottom and rounded top."", ""Light pink speckled thin tablet, oval shape, wavy base, rounded top."", ""Thin oval tablet, with speckled design, wavy bottom, round top."", ""Speckled light pink tablet, oval shape with wavy bottom."", ""Pink oval tablet with speckled texture, wavy base."", ""Thin light pink tablet, oval, wavy pattern."", ""Pink oval tablet, speckled, wavy edge."", ""Speckled pink oval tablet, wavy."", ""Pink wavy oval tablet."", ""Pink oval tablet.""]",candy
814183299615c9b932d5a9242f41d52ea6ea2b66ac494fd58cfd7a8c499905cb,trashcan/trashcan_004/trashcan_004.blend,4.996201515197754,"[""Tall, rectangular object with smooth, rounded edges, light blue color, two-tone front with a top lighter third, blue \""T\"" emblem with concentric design and multi-colored dots in the center, flat top surface."", ""Tall, light blue, rectangular object with smooth edges, two-tone front and blue \""T\"" emblem with multi-colored center."", ""Light blue, tall, rectangular object with curved corners, two-tone display and patterned \""T\"" emblem."", ""A two-toned, blue, tall object with a patterned \""T\"" emblem."", ""Tall, light-blue object with distinct two-tone and emblem."", ""Rectangular object with blue \""T\"" emblem, two-toned."", ""Blue, tall object with patterned \""T\"" design."", ""Tall object with a blue \""T\"" emblem."", ""Blue object with decorated \""T\"" emblem."", ""Object with blue \""T\"" emblem."", ""Blue \""T\"" emblem.""]",trashcan
821d32978ef5ce5ff364be272fc9e696b2ea86d7857e92a48b24fdfc1a7ddda5,cat/cat_069/cat_069.blend,6.080898761749268,"[""Cat-like figure in a Hawaiian shirt with flowers, wearing a wizard hat and sandals."", ""Cat-like figure donning Hawaiian shirt, wizard hat and sandals with flowers."", ""Feline figure wearing Hawaiian shirt, wizard hat, and sandals with flowers."", ""Floral shirt-clad cat figure with wizard hat and flowery sandals."", ""Hawaiian-shirted cat with wizard hat and flowery sandals."", ""Cat in Hawaiian outfit, wizard hat and floral sandals."", ""Tip-toed feline in wizard hat, Hawaiian attire."", ""Hawaiian cat with wizard hat and sandals."", ""Wizard-hat wearing cat in Hawaiian outfit."", ""Floral-clad cat with wizard hat."", ""Tropical wizard cat.""]",cat
82a6ad48e17669fbaaa6d64f56b113ad05420f20b0f7ac2fdb445826446f2ece,bowl/bowl_022/bowl_022.blend,5.429237842559815,"[""A shallow, pale mint green bowl with a wide, flaring rim and a rounded form tapering into a small circular foot. Features a prominent golden repair along a crack from the rim towards the center, inspired by Kintsugi."", ""Mint green shallow bowl with flaring rim, golden Kintsugi-inspired repair."", ""Shallow bowl, mint green, flaring rim, Kintsugi-inspired golden repair."", ""Mint green bowl, prominent gold repair, Kintsugi-inspired."", ""Shallow mint green bowl with golden Kintsugi repair."", ""Kintsugi-inspired bowl, mint green, gold crack."", ""Green bowl, gold repair, Kintsugi-style."", ""Mint bowl with golden Kintsugi repair."", ""Green bowl with gold repair."", ""Kintsugi-style green bowl."", ""Green bowl, gold crack.""]",bowl
8367d7c73a2facb6efc95703abc68e0e58c59b0b3602fd016cc84643e257981d,car/car_002/car_002.blend,6.353925704956055,"[""Simplistic, cartoon-like orange open-top off-road vehicle resembling a jeep, with spherical white headlights, a black vertical slat grille, cyan windshield, black seats, no doors, and round black tires with white hubs."", ""Orange cartoon-style open-top Jeep with round white headlights and black grille."", ""Cartoon-style orange Jeep, with spherical white headlights and no doors."", ""Open-top off-road vehicle, orange, with round white headlights."", ""Simplistic vehicle resembling a jeep: orange with spherical headlights."", ""Cartoon-like orange Jeep with white headlights and black seats."", ""Stylized orange open-top car with round white headlights."", ""Orange Jeep-like vehicle with white spherical headlights."", ""Off-road vehicle with spherical headlights, orange."", ""Orange open-top cartoon-like vehicle."", ""Orange Jeep, white headlights.""]",car
859f1eff0b5374a00456816d37950d33ddcc519b846b27f53322d3b0b656a795,helicopter/helicopter_000/helicopter_000.blend,6.138297080993652,"[""Green helicopter with a rectangular body, rounded edges, sloping front nose, cockpit, top and rear rotors, horizontal and vertical stabilizers, and landing skids. The top rotor has six white blades, and the rear rotor is a vertical stabilizer."", ""Green helicopter with rectangular body, rounded edges, sloping nose, and stabilizers."", ""Green chopper with rectangular body, rounded edges, and sloping nose."", ""Green copter with a rectangular body, rotors, and stabilizers."", ""Green helicopter with rounded body and rotors."", ""Helicopter with rectangular body and rotors."", ""Helicopter with rounded body and blades."", ""Green chopper with rotors."", ""Rectangular helicopter."", ""Green copter."", ""Helicopter.""]",helicopter
85ad2e5973859cbbabfeab6e1a4fbf78288703e740d03c174c9b3d3f18d50fca,bottle/bottle_023/bottle_023.blend,6.077365398406982,"[""A classic beer bottle with a cylindrical body, tapered neck, slightly flared lip, in warm brown color. It has a wooden plank-textured front label with a shield and crossed weapons design, featuring \""ALE\"" text. The back label is plain, and the cap is lighter beige."", ""Cylindrical, warm brown beer bottle with tapered neck, flared lip, wooden plank-textured label with shield, weapons, \""ALE\"" text and beige cap."", ""Brown beer bottle with tapered neck, wooden plank-textured front label featuring a shield design and \""ALE\"" text, beige cap."", ""A classic beer bottle in brown, with \""ALE\"" text, shield design on wooden plank-style label, and beige cap."", ""Brown beer bottle with wooden texture label design featuring a shield, \""ALE\"" text, and light cap."", ""Classic beer bottle; brown, wooden textured shield label, \""ALE\"" text, beige cap."", ""Beer bottle with wooden, shield label, \""ALE\"" text, beige cap."", ""Cylindrical brown beer bottle with wooden shield label with \""ALE\"" text."", ""Brown beer bottle, wooden shield label, beige cap."", ""Beer bottle, wooden shield label, cap."", ""Bottle, label, cap.""]",bottle
87751f10d6fb92d7fb9169c4439aa996d052a87d3c63dd4bc9515eabdddf1ef3,snake/snake_026/snake_026.blend,6.112298488616943,"[""A cartoon-like, turquoise snake with a smooth, glossy texture, vertically coiled in three loops. It has an upward-pointing tail and an elongated head with large, expressive eyes, and no scales or additional patterns."", ""Turquoise cartoon snake, vertically coiled with glossy texture and expressive eyes."", ""Glossy turquoise snake coiled vertically with large eyes."", ""Coiled, turquoise, glossy snake with expressive eyes."", ""Cartoonish glossy snake coiled in turquoise color."", ""Vertically coiled turquoise snake with big eyes."", ""Glossy, coiled snake, turquoise in color."", ""Turquoise snake coiled upright."", ""Glossy coiled turquoise snake."", ""Turquoise coiled snake."", ""Coiled snake.""]",snake
896ff7d08cc85ba004e5e2fd590365314511349afc4291b8c21c3cfc18104a8b,hammer/hammer_009/hammer_009.blend,4.810224533081055,"[""White hammer with a rectangular prism striking surface, a curved V-notch claw, an ergonomic cylindrical handle with slight indentations and flared base, and a longer handle relative to the head for balance and leverage."", ""White hammer, rectangular prism surface, curved V-notch claw, ergonomic handle with indentations and flared base, longer balanced handle."", ""White hammer, prism surface, V-notch claw, ergonomic indented handle, flared base, balanced long handle."", ""White hammer, rectangular surface, V-notch claw, ergonomic handle with indents, flared base, long handle."", ""White hammer, prism surface, claw, indented ergonomic handle, flared base, long handle."", ""White hammer, rectangular surface, V-notch claw, ergonomic handle, flared base, long handle."", ""White hammer, prism strike surface, claw, indented handle, long handle."", ""White hammer with rectangular surface, claw, ergonomic handle, lengthy handle."", ""White hammer, rectangular surface, V-notch claw, long handle."", ""White hammer, prism surface, claw, long handle."", ""Hammer, rectangular surface, claw, handle.""]",hammer
89ff10a8d9778b46007c3445d30015a0942c968b1341fdb72fa18edb317f258c,screwdriver/screwdriver_033/screwdriver_033.blend,4.990375995635986,"[""Ergonomic screwdriver with a dark grey handle featuring lime green accents and raised ribs, metallic silver shaft, pointed Phillips head tip, short and wide handle for precision, and light black markings on the handle."", ""Ergonomic screwdriver with lime green accents, raised ribs, silver shaft, and a wide handle."", ""Dark grey screwdriver with lime green accents, silver shaft, and a pointed Phillips head."", ""Screwdriver with lime green accents, silver shaft, and a wide, grey handle."", ""Grey and green, ribbed handle screwdriver with silver shaft."", ""Screwdriver with green accents and wide grey handle."", ""Green-accented, dark grey screwdriver with a silver shaft."", ""Grey screwdriver with lime green accents."", ""Ribbed handle screwdriver with green accents."", ""Grey and green ergonomic screwdriver."", ""Grey screwdriver, green accents.""]",screwdriver
8a7621ab79ad8c5d02ea5d58b92c18b56e7d845c275ed40e02b1054bf1e270f5,deer_moose/deer_moose_027/deer_moose_027.blend,5.668179035186768,"[""A stylized, low-poly pink deer with angular edges, a pentagon-shaped head, dark pink nose, eyebrows, antlers, and tail, white eyes with dark pink pupils, a blocky body, column-like neck and legs, and a pointed tail."", ""Low-poly pink deer with angular edges, pentagon head, dark pink details."", ""Stylized low-poly deer with angular edges, pentagon head and pink color."", ""Pink low-poly deer with pentagon head, angular edges, dark accents."", ""Angular, stylized, low-poly, pink deer with dark pink details."", ""Pink deer with angular edges, pentagon head, low-poly style."", ""Low-poly pink deer with pentagon head, angular body."", ""Angular, stylized, pink deer with pentagon head."", ""Pink deer with angular body, stylized."", ""Low-poly pink deer, pentagon head."", ""Pink angular deer.""]",deer_moose
8ad150d8b05e4fecd7f36533636afbb9f6bb820660422d4c65abfff3f88ed58e,cells_battery/cells_battery_038/cells_battery_038.blend,4.90783166885376,"[""Cylindrical battery with a yellow top third and dark grey to black bottom. White positive terminal and black \""+\"" near the top with \""BATTERY\"" written vertically in black on the yellow section. Smooth transitions between colors."", ""Cylindrical battery with yellow top, grey bottom, and vertical \""BATTERY\"" label."", ""Battery featuring grey base, yellow top, and black \""+\"" symbol."", ""Yellow-topped cylindrical battery with \""BATTERY\"" label."", ""Cylindrical battery, yellow top, grey bottom."", ""Yellow-capped, labelled cylindrical battery."", ""Grey cylinder with yellow top."", ""Battery with yellow-black gradient."", ""Yellow-topped battery."", ""Grey battery."", ""Battery.""]",cells_battery
8d7ef6a0f84205f641a5b296f2922d124fb76436fe7001e4441d6e69b1c97de9,chair/chair_102/chair_102.blend,5.474188804626465,"[""A vibrant red armchair with a scalloped backrest, quilted seat, padded armrests, and an integrated reclining footrest. It features a dark-colored rectangular base and likely has a rocking or gliding function."", ""Vibrant red armchair with a quilted seat, scalloped backrest and reclining footrest on a dark base."", ""Red armchair featuring scalloped backrest, quilted seat, padded armrests, reclining footrest, and dark base."", ""Red armchair with scalloped backrest, quilted seat, reclining footrest, and dark rectangular base."", ""Red armchair with scalloped backrest, quilted seat, reclining footrest."", ""Red armchair with scalloped backrest and integrated reclining footrest."", ""Red armchair, scalloped backrest and reclining footrest."", ""Red armchair with reclining footrest."", ""Armchair with integrated reclining feature."", ""Scalloped red armchair with recliner."", ""Red reclining armchair.""]",chair
8ddaaf1cc141a68926ae79439bcba5ee155828a39698f7d4462229a1582ea43a,donut/donut_005/donut_005.blend,6.11628532409668,"[""A donut shaped like a cat, half light green with cat face details (eyes, whiskers, mouth), other half brown with white chunks, smooth texture, ears on top."", ""Green and brown cat-shaped doughnut with facial features and white chunks."", ""A doughnut resembling a cat with green, brown and white colors."", ""Cat-shaped donut half green, half brown with white chunks."", ""Green and brown donut crafted like a cat."", ""Green and brown cat-faced doughnut."", ""Green, brown cat-like donut with chunks."", ""Donut shaped and colored like cat."", ""Cat-faced, green, and brown doughnut."", ""Cat-shaped green and brown donut."", ""Cat-donut, green and brown.""]",donut
8fe6c19a4f8bb5c62b72ff24eee1eecbae42a8dec51397fa038b95e6f09203cb,cupcake/cupcake_003/cupcake_003.blend,5.634520530700684,"[""A voxel-style perfect sphere with a bright yellow top transitioning to a dark brown bottom, featuring pixelated surface texture and lighter patches on the upper hemisphere."", ""A voxel-style sphere with yellow top, dark brown bottom, pixelated and lighter upper patches."", ""Voxel-style sphere with yellow, brown gradient and pixelated surface."", ""Yellow topped voxel-sphere with brown bottom and lighter patches."", ""Voxel-style sphere yellow to brown with surface patches."", ""Bright yellow to dark brown voxel sphere."", ""Voxel sphere with yellow top, brown bottom."", ""Pixelated sphere transitioning from yellow to brown."", ""Voxel sphere, yellow and brown gradient."", ""Yellow top, brown bottom voxel sphere."", ""Yellow-brown voxel sphere.""]",cupcake
9157f53d3083e63248127f2c772851e30c421c4b3176e2038bd777ae63580c1f,sofa/sofa_009/sofa_009.blend,5.613933086395264,"[""Classic two-seater sofa with high padded backrest, rolled arms, light golden yellow base with darker trim, gradient yellow seat cushions, and short legs. The white front backrest features a chevron pattern stitched in alternating yellow tones."", ""Two-seater sofa, high padded back, rolled arms, golden base, dark trim, yellow cushions, short legs, white backrest with yellow chevron stitching."", ""Classic two-seat sofa, padded back, rolled arms, light gold base, gradient yellow cushions, white front backrest with yellow chevron pattern."", ""Classic sofa, high back, rolled arms, light golden base, gradient yellow cushions, white backrest with chevron stitching."", ""Two-seat sofa, padded backrest, rolled arms, golden base, yellow cushions, chevron-patterned backrest."", ""Classic sofa, high back, rolled arms, golden base, yellow cushions, chevron stitching."", ""Two-seat sofa, high back, rolled arms, yellow cushions, chevron back."", ""Golden sofa, rolled arms, yellow cushions, chevron-stitch back."", ""Two-seat sofa, rolled arms, yellow cushions."", ""Yellow two-seat sofa, chevron back."", ""Yellow sofa, chevron.""]",sofa
934b447212533556c8a83cec1140c818d4f073b164edd9e5ea53bb2aae3a6ec5,dragon/dragon_033/dragon_033.blend,5.183847427368164,"[""A blue-green, serpentine dragon with raised scales, large bat-like wings with white membranes, small head horns, visible eyes and nostrils, long curved neck, muscular body, four legs ending in claws, and a tapering tail."", ""A vibrant blue-green dragon with large bat-like wings, raised scales, small horns, visible eyes and nostrils, muscular body, four clawed legs and a long tail."", ""Blue-green dragon with large bat-like wings, raised scales, small horns, eyes, nostrils, muscular body, clawed legs, long tail."", ""Dragon with large wings, raised scales, small horns, eyes, nostrils, four legs, long, curved neck, tapering tail."", ""Serpentine dragon with large wings, four clawed legs, small horns, eyes, nostrils, muscular body, lengthy tail."", ""Blue-green dragon with bat-like wings, raised scales, four clawed legs, horns, visible features and long tail."", ""Scaled dragon with bat-like wings, horns, four legs, muscular body and a long, sculpted tail."", ""Serpentine dragon, large wings, claws, horns, visible features, long tail."", ""Dragon with wings, scales, claws, horns, and long tail."", ""Dragon with wings, legs, horns, and tail."", ""Winged dragon with horns and tail.""]",dragon
935aeb5d39c6772910332b76ffebe75a13e3e82dd45365d230cbf5a698f17b40,shark/shark_019/shark_019.blend,5.178610801696777,"[""Low-poly shark model with a streamlined, elongated body, deep blue-purple top, pale grey underside, small black eyes, triangular white teeth, and detailed fin structures including pectoral, dorsal, pelvic, anal, and crescent-shaped caudal fins."", ""3D model of a streamlined, low-poly shark with deep blue-purple top and detailed fins."", ""Low-poly shark model with elongated body, blue-purple top, and diverse fin structures."", ""Streamlined low-poly model of a shark with a deep blue to grey transition and detailed fins."", ""3D low-poly shark with blue-purple top, grey underside and white teeth."", ""Streamlined shark model in low-poly style with detailed fins."", ""Low-poly style shark model with diverse fins."", ""Blue-purple dipped low-poly shark model."", ""Low-poly shark with detailed fins."", ""Blue-grey low-poly shark."", ""3D Shark model.""]",shark
944b13db3e32d2383e1ad39dd5c9d2e2d7c46417717bf59d4bff5e702e32fa86,ice_cream/ice_cream_023/ice_cream_023.blend,7.578305244445801,"[""Light yellow cone with three semi-sphere scoops: orange at the bottom, pink in the middle, white at the top, each with multicolored sprinkles, and topped with a reddish-orange cherry."", ""Light yellow cone with three ice cream scoops: orange, pink, white, each sprinkled and cherry on top."", ""Yellow cone with three scoops: orange, pink, white with sprinkles and cherry."", ""Three scoops in yellow cone: orange, pink, white, sprinkles, and cherry."", ""Yellow cone with orange, pink, white ice cream, sprinkles, cherry."", ""Yellow cone, three scoops, sprinkles, with a cherry."", ""Cone with orange, pink, white scoops, and cherry."", ""Yellow cone, three ice cream scoops, cherry."", ""Orange, pink, white ice cream in cone."", ""Three scooped ice cream with cherry."", ""Ice cream and cherry cone.""]",ice_cream
94cbaf52feb47cb811b1bfb6f3ea9b5f8be46ff1d223c4617deed9f6162427fd,chicken/chicken_004/chicken_004.blend,5.807979583740234,"[""A white, low-poly chicken model with an angular head, small yellow triangular beak, black eyes, red comb, and wattle, ovoid body with blended wings, small angular tail, and short yellow legs."", ""White low-poly chicken model, angular head, yellow beak, red comb, ovoid body, small tail, yellow legs."", ""White low-poly chicken, angular head, yellow beak, red comb, ovoid body, tiny tail, yellow legs."", ""White chicken model, angular head, small yellow beak, red comb, round body, short tail, yellow legs."", ""White chicken, angular head, yellow beak, red comb, round body, small tail, yellow legs."", ""White chicken, angular head, yellow beak, red comb, round body, small tail, legs."", ""White chicken model with angular features, yellow beak and legs."", ""White chicken with angular features and yellow details."", ""Angular white chicken with yellow details."", ""Angular white chicken model."", ""White chicken model.""]",chicken
95f48919da7e5325ccf984797266895a0193910f2b7aca38ca613aff9e87b35b,flower/flower_044/flower_044.blend,4.758344650268555,"[""A spherical bouquet of crystalline, frosty grayish-blue snowflakes or flowers with petal-like facets on dark gray stems, each unit having radial symmetry with sharp, semi-transparent surfaces."", ""Spherical bouquet of frosty grayish-blue snowflakes on dark gray stems with radial symmetry and semitransparent surfaces."", ""Bouquet of crystalline grayish-blue snowflakes with petal-like facets on dark stems, with radial symmetry."", ""Frosty blue snowflakes on dark stems, shaped spherically with transparent, sharp facets."", ""Sphere of frosty blue snowflakes or flowers on dark gray stems."", ""Crystalline, frosty blue snowflakes with sharp facets on dark stems."", ""Spherical arrangement of blue snowflakes on dark stems."", ""Crystal blue snowflakes on dark gray stems."", ""Blue snowflakes on dark stems."", ""Frosty blue snowflakes."", ""Snowflakes on stems.""]",flower
960fe8fd449edd158ced05708e94259553aabb90c53f70a78cb05a2e2a529262,elephant/elephant_023/elephant_023.blend,5.011794090270996,"[""A spherical silver body with an integrated elephant head, curved ears, an upward-curving trunk, four small spherical legs, and a tapered tail; ears are lightly pink on the inner side."", ""A silver spherical body with a connected elephant head, pink ears, an upward trunk, four legs, and a tapered tail."", ""Silver sphere with integrated elephant head, curved pinkish ears, four small legs, and a tapered tail."", ""Silver body with elephant head, pink ears, curved trunk, four legs, and tail."", ""Sphere with elephantic features, pink ears, an upward trunk, and tail."", ""Silver-bodied elephant with spherical body, legs, pink ears, and tail."", ""Elephant-headed sphere with pink ears, four legs, and tail."", ""Silver sphere with integrated elephant features and tail."", ""Spherical elephant with pink ears and tail."", ""Silver elephant-shaped sphere with tail."", ""Elephant sphere with tail.""]",elephant
9648e9dcb8e601c3738a200e8641264d7c3244a714b2d9f1a2778346eebaa520,trashcan/trashcan_024/trashcan_024.blend,5.636172294616699,"[""Square, fluted planter box with flat, slightly tapered sides, prominent two-banded rim, smooth corners, narrower base with thicker edge; uniformly matte warm yellow color."", ""Square planter box with fluted design, two-banded rim, tapered sides, and thicker base edge in warm yellow color."", ""Fluted square planter with a two-banded rim and tapered sides in yellow."", ""Boxy, yellow planter with tapered sides and two-banded rim."", ""Fluted planter box with banded rim, tapered and yellow."", ""Yellow square planter with tapered sides and rim."", ""Tapered square planter with two-banded rim in yellow."", ""Fluted yellow planter with a distinctive rim."", ""Tapered yellow box with a banded rim."", ""Yellow square planter with banded rim."", ""Yellow tapered planter box.""]",trashcan
964b48f9b94fa0a9e4914492e449dee0a96c0acf5cf395d3937f56a94a8ebfab,screwdriver/screwdriver_005/screwdriver_005.blend,4.570368766784668,"[""Bright yellow cylindrical handle with vertical grooves, a ring-like collar with horizontal ridges, white smooth cylindrical shaft, flat, sloped arrowhead-like white tip."", ""Yellow handle with grooves, ring collar with ridges, white shaft, arrowhead tip."", ""Grooved yellow handle, ring collar, white shaft, arrowhead tip."", ""Yellow grooved handle, ridged collar, white shaft, tip."", ""Ridged yellow handle, ring collar, white shaft, tip."", ""Grooved handle, ring collar, white shaft, tip."", ""Grooved handle, ridges, white shaft, arrow tip."", ""Handle, ring collar, white shaft, arrow tip."", ""Yellow handle, collar, white shaft, tip."", ""Handle, collar, shaft, arrow tip."", ""Handle, collar, shaft, tip.""]",screwdriver
971d20d3a889c9932530cd8e3c10e90ac7fc9f47604f1031fe62a841d1be946a,hammer/hammer_058/hammer_058.blend,5.235137939453125,"[""A stylized hammer with a cubic, black metallic head featuring raised gold patterns, recessed square designs, and pyramid-like top and bottom. It has a smooth, cylindrical wood-textured handle with a gold-banded base knob and an aged appearance."", ""Stylized hammer with cubic, black-metallic head, raised gold patterns, recessed square designs, pyramid-like ends, and wood-textured handle."", ""Black hammer with cubic head, gold patterns, square designs, pyramid-top, wood-textured handle with gold-banded knob."", ""Stylized black hammer with gold patterns, pyramid-like ends, and wooden handle with gold knob."", ""Cubic, patterned black hammer with pyramid ends and gold-knobbed wooden handle."", ""Black and gold, patterned cubic hammer with a pyramid-shaped end."", ""Stylized cubic hammer with golden designs and wooden handle."", ""Black hammer with gold detail and wood-textured handle."", ""Hammer with cubic head and elegant golden designs."", ""Stylized hammer with gold patterns and wood handle."", ""Black cubic hammer, gold detail.""]",hammer
98629dd6a9eaf357b1d140246f4f26a64b7cffd95ee0314731faaf829bdceefc,trashcan/trashcan_014/trashcan_014.blend,6.444514751434326,"[""A large, rectangular green dumpster with a dark grey ribbed lid, lifting pockets, wheels, side handles, black graffiti, and a yellow caution sign. The container shows wear and rust."", ""Large green dumpster with ribbed grey lid, lifting pockets, wheels, handles, graffiti, caution sign, wear and rust."", ""Green dumpster with dark lid, pockets, wheels, handles, black graffiti, wear and yellow sign."", ""Large green dumpster, grey lid, wheels, handles, graffiti, yellow sign and rust."", ""Green dumpster with lifting pockets, wheels, graffiti, warning sign, and rust."", ""Green dumpster with dark lid, pockets, wheels, graffiti, and sign."", ""Rectangular dumpster with lid, wheels, handles, graffiti, and rust."", ""Green dumpster with lid, lifting pockets, graffiti, and sign."", ""Rectangular dumpster with graffiti, sign, and rust."", ""Green dumpster with lid, graffiti, and sign."", ""Dumpster with graffiti and sign.""]",trashcan
98757c9614461d9215390afae1eee3e4763f09279213a907836a477b0c64d7bf,pear/pear_002/pear_002.blend,5.478546142578125,"[""A pear-shaped candle with a broad, rounded base tapering to a narrower top with a small round end where the wick is centered. The candle is off-white with a slightly darker wick and smooth texture."", ""Off-white, pear-shaped candle with a broad base, tapering top and centered wick."", ""Pear-shaped, off-white candle with tapering top and centered wick."", ""Pear-shaped candle, off-white, with centered wick."", ""Off-white candle shaped like a pear."", ""Pear-shaped candle with centered wick."", ""Candle tapered to a narrow top."", ""Off-white pear-shaped candle."", ""Tapering candle with wick."", ""Pear-shaped candle."", ""Candle.""]",pear
98fb4c19fd79d8d76916b42403f316553a90dea34fbde4e5dbb0356904655141,flower/flower_013/flower_013.blend,6.246213912963867,"[""A bouquet of flowers with yellow, daisy-like flowers on top and purple, daisy-like flowers below. Petals are elongated and slightly curved. Centers of purple flowers are white. Green, thin stems and narrow, green leaves. Symmetrical arrangement."", ""Bouquet with yellow and purple daisies, elongated, curved petals, thin stems, green leaves in a symmetrical arrangement."", ""Yellow and purple daisies bouquet with elongated, curved petals, and symmetrical green foliage."", ""Bouquet of yellow and purple daisies with elongated petals, and green leaves."", ""Yellow and purple daisy bouquet with elongated petals."", ""Symmetrical bouquet of yellow and purple daisies."", ""Yellow and purple daisies with green leaves."", ""Daisy bouquet in yellow and purple."", ""Yellow and purple daisy arrangement."", ""Daisies bouquet; yellow and purple."", ""Yellow, purple daisies.""]",flower
9992e5de1ca00ba1363b2dd0d7b1ed7476f714d38254ba4dc3e5ce8846378b1b,deer_moose/deer_moose_028/deer_moose_028.blend,5.641359329223633,"[""Yellow cartoon moose with spherical head, dark gray eyes, cylindrical body, small ears, large nose, broad antlers, simple arms, short legs, and dark gray hooves and feet. Smooth texture."", ""Yellow cartoon moose with spherical head, dark gray eyes, and broad antlers."", ""Cartoon moose with spherical head and broad antlers, yellow body."", ""Yellow moose with dark gray eyes and large antlers."", ""Cartoon moose, yellow with broad antlers."", ""Yellow moose, broad antlers, dark eyes."", ""Spherical headed moose, broad antlers."", ""Cartoon moose with broad antlers."", ""Yellow moose with large antlers."", ""Broad-antlered yellow moose."", ""Yellow moose.""]",deer_moose
9a1369efe5432901bad01468d64d4be6f270ee3623954c28ee04e128e4e3915b,cake/cake_028/cake_028.blend,7.564593315124512,"[""Cylindrical cake with light green body, light brown top layer, dark brown chocolate drips, two red cherries and a green leaf on top, and a black decorative card behind them."", ""Cylindrical cake, light green, light brown top, chocolate drips, cherries, leaf, black card."", ""Light green cylindrical cake, chocolate drips, cherries, leaf, and black card."", ""Green and brown cake, chocolate drips, cherries, leaf, black card."", ""Cake with chocolate drips, cherries, leaf and black card."", ""Green cake, chocolate drips, cherries and card."", ""Cake with chocolate, cherries and card."", ""Cake, chocolate, cherries, card."", ""Chocolate-dripped cake with card."", ""Chocolaty cake and card."", ""Cake and card.""]",cake
9a44ebbf537c455c965e47d0465b78b239ec4cb838cec99d2ecef7ebf4a7eaf1,chair/chair_131/chair_131.blend,5.996026992797852,"[""A wooden chair with a flat rectangular seat made of three horizontally laid planks, an upright backrest with three vertical planks, and four legs with a slight inward taper. It features a light to medium brown hand-carved wood texture."", ""A wooden chair with flat seat, vertical backrest, and tapered four legs having medium brown wood texture."", ""Wooden chair with flat rectangular seat, upright backrest, and slightly tapered legs in brown."", ""Chair with flat wooden seat, vertical backrest, tapered legs, and medium brown texture."", ""A chair with flat seat, vertical backrest, tapered legs, and brown texture."", ""Wooden chair with flat seat, backrest, four tapered legs."", ""Flat-seated chair with backrest, four tapered legs."", ""Wooden chair with backrest and tapered legs."", ""Chair with flat seat and backrest."", ""Backrest chair with tapered legs."", ""Wooden chair.""]",chair
9b599aae1d2c718b2255c0a3e2bd10373ad841267bba459c4d20f3ffbd69c563,tree/tree_033/tree_033.blend,5.961263179779053,"[""Stylized coconut palm tree with a cylindrical, tapering trunk, large pointed bright green leaves radiating from the top, and dark brown coconuts clustered just below the crown; low-polygon design suitable for gaming/animation."", ""Stylized coconut tree with cylindrical trunk, green leaves, and dark brown coconuts in low-polygon design."", ""Low-polygon coconut tree with bright green leaves and dark brown coconuts."", ""Stylized coconut tree with green leaves and coconuts in low-polygon design."", ""Low-polygon design of a coconut palm tree with coconuts."", ""Stylized cylindrical coconut tree with green leaves."", ""Low-polygon coconut tree with tapering trunk."", ""Coconut tree with green leaves and coconuts."", ""Stylized low-polygon coconut tree."", ""Low-polygon coconut tree."", ""Coconut tree.""]",tree
9b86ab0f43063b72ec51f8e8645a5d6763f9392c99bf8e54c35e131b386cfec6,pear/pear_016/pear_016.blend,7.1090006828308105,"[""A low-poly, stylized 3D pear with yellow-green faceted surfaces, a brown upright stem, and a green leaf. One side has a flat surface and a bright yellow cut area. The design has sharp edges and geometric aesthetics."", ""Stylized 3D pear with green-yellow faceted surfaces, brown stem, green leaf, and flat side with yellow cut."", ""Low-poly 3D pear having green-yellow surfaces, a brown stem, green leaf, with a flat, bright yellow side."", ""3D pear featuring yellow-green surfaces, brown stem, and a flat, yellow bright side."", ""Yellow-green 3D pear with a brown stem, green leaf, and a flat yellow side."", ""3D pear with green-yellow surfaces, brown stem, and a flat yellow side."", ""Pear-shaped 3D model with faceted green-yellow surfaces and brown stem."", ""Faceted 3D pear with brown stem and flat yellow side."", ""Green-yellow 3D pear with a brown stem."", ""Faceted 3D pear with brown stem."", ""3D pear with stem.""]",pear
9c3303e9d038023a0ecaeb8cf3f71b0428ce41c3b8c6a372198aa11b758dbd1f,chicken/chicken_003/chicken_003.blend,6.464036464691162,"[""Anthropomorphic red bird character with wings as arms, yellow beak and feet, wearing a red tricorn pirate hat with gold rim, white sash and tail, and yellow wing tips."", ""Red bird character with winged arms, yellow beak and feet, adorned in red tricorn pirate hat and white sash."", ""Anthropomorphic red bird with winged arms and yellow parts, in red pirate hat and white sash."", ""Red bird, winged arms, yellow extremities, red pirate hat and white sash."", ""Anthropomorphic bird in red pirate hat and sash, with yellow accents."", ""Red bird with winged arms, in pirate outfit and yellow highlights."", ""Bird with red pirate hat and sash; yellow beak and feet."", ""Red bird, pirate hat and sash, yellow extremities."", ""Red bird in pirate attire with yellow accents."", ""Anthropomorphic bird in pirate costume."", ""Pirate bird with yellow accents.""]",chicken
9c341ec29825a4594b0ff733d122b825738cc85feb1f584ed2d847b2d02bd15a,cupcake/cupcake_005/cupcake_005.blend,8.2562837600708,"[""A stylized cupcake with a fluted yellow cylindrical base, spiral light purple frosting, multicolored sprinkles, and a red cherry with a green stem on top."", ""Stylized cupcake, yellow fluted base, purple spiral frosting, multi-colored sprinkles, red cherry."", ""Stylized cupcake with yellow base, spiral frosting, sprinkles, and cherry."", ""Cupcake with fluted base, purple frosting, sprinkles, cherry."", ""Yellow base cupcake, spiral frosting, multi-colored sprinkle, cherry."", ""Cupcake with purple frosting, sprinkles, and cherry."", ""Fluted cupcake with purple frosting and cherry."", ""Yellow base cupcake, frosting, sprinkles, cherry."", ""Cupcake, purple frosting, sprinkles, cherry."", ""Cupcake with frosting, sprinkles, cherry."", ""Cupcake with cherry on top.""]",cupcake
9cc44c1232e404ebe73aa3b6519b57963f7258aaa6f617526c0d153e9210cd39,cat/cat_041/cat_041.blend,5.35985279083252,"[""A cute, cartoonish black cat with a large head, pointed ears, wide white eyes, a small nose, a pink scarf, smooth round body, and curled tail sitting upright."", ""A cartoonish black cat with a large head, white eyes, and pink scarf."", ""A cute black cat with pointed ears, white eyes, and pink scarf."", ""Black cat with a large head, white eyes, and pink scarf."", ""Cute black cat with wide eyes and pink scarf."", ""Cartoonish cat with a pink scarf sitting."", ""Black cat with white eyes and scarf."", ""Large-headed cat with a pink scarf."", ""Black cat with a pink scarf."", ""Cat with a big head and scarf."", ""Black cat, pink scarf.""]",cat
9d02210a077247e6b782f52b7028932708983235be919470811de255fd52d54b,elephant/elephant_034/elephant_034.blend,4.966744422912598,"[""Purple, abstract elephant character with large ears, trunk with three vertical stripes, half-closed eyes, two small teeth, short arms and legs, seamless bulbous body with three side cutouts, and a stubby tail."", ""Purple, abstract elephant with large ears, striped trunk, small teeth, short limbs, side cutouts, and a short tail."", ""Abstract purple elephant, large ears, striped trunk, small teeth, short arms and legs, stubby tail."", ""Striped trunk, large-eared, purple elephant with small teeth, short limbs, and a tail."", ""Purple elephant with large ears, striped trunk, limbs and tail, small teeth."", ""Abstract elephant, purple, large ears, striped trunk, short limbs."", ""Striped trunk, purple elephant, small teeth, short limbs."", ""Purple elephant, large ears, striped trunk, tail."", ""Purple elephant with striped trunk, tail."", ""Striped trunk, purple elephant."", ""Purple elephant.""]",elephant
9d48b4f084b716091a1a440219d8549cc0220b69b89c0c95ed94ccce8aece1a6,orange/orange_014/orange_014.blend,6.832696437835693,"[""A perfect hemisphere, half of an orange with a smooth, bright orange peel exterior. Flat circular interior with lighter orange segments, a central white core, and fibrous membranes between glossy segments."", ""A perfect hemisphere resembling half an orange with glossy orange segments and central white core."", ""Hemisphere-shaped, bright peel exterior, lighter interior with white core."", ""Hemisphere with an orange-like segmented interior."", ""Bright orange hemisphere with a central core."", ""An orange hemisphere with segmented interior."", ""Hemisphere with bright, segmented interior."", ""Orange-like segmented hemisphere."", ""Bright segmented hemisphere."", ""Half orange shape."", ""Orange hemisphere.""]",orange
9e0c96d445ac68a4f4b3f960a75a4fd6f627ccb02a90e07ab311d8a578c06895,grapes/grapes_013/grapes_013.blend,4.862757682800293,"[""A conical bunch of light lavender spherical grape berries with a smooth, glossy surface and a light brown stem."", ""A bundle of light lavender, spherical grape berries with glossy surface and light brown stem."", ""Light lavender bunch of spherical grape berries with a glossy surface."", ""Bunch of lavender grape berries with a shiny surface."", ""Bunch of light lavender, glossy grape berries."", ""Lavender grape berries with glossy surface."", ""Lavender, shiny, spherical grape bunch."", ""Glossy lavender grape berries."", ""Shiny lavender grapes."", ""Glossy lavender grapes."", ""Lavender grapes.""]",grapes
9ec15788196a1ade1c48c139be01b8ce4985efdf0131155ba084ce1ddc390c50,motorcycle/motorcycle_008/motorcycle_008.blend,7.097915649414063,"[""Stylized motorcycle with polygonal design, featuring orange and black bodywork, white windshield and tail lights, gray exhaust pipe and wheels, black seat, frame, handlebars, and registration plate holder, and an aerodynamic shape with angular transitions."", ""Polygonal motorcycle with orange and black bodywork, white windshield and tail lights."", ""Stylized, polygonal motorcycle with orange-black bodywork and white windscreen."", ""Orange and black motorcycle with polygonal design, white windshield."", ""Stylized motorcycle in orange and black with white windshield."", ""Polygonal orange and black motorcycle with white features."", ""Stylized, orange and black polygonal motorcycle."", ""Polygonal motorcycle in orange and black."", ""Orange and black polygonal motorcycle."", ""Stylized orange and black motorcycle."", ""Orange-black motorcycle.""]",motorcycle
9ecc0dda8ced43a8a92628c555c3dadfe94a8accf22a748b5ef41df482c4b899,deer_moose/deer_moose_030/deer_moose_030.blend,6.563864707946777,"[""Humanoid figure with reindeer head, muscular human body, light brown fur, wearing red shorts with white accents, Christmas lights wrapped around torso, red ice skates, white tank top, antlers, and red nose, standing in a t-pose."", ""Humanoid figure with reindeer head, muscular body, Christmas lights, red shorts, and ice skates."", ""Anthropomorphic reindeer with muscular build, red shorts, and Christmas lights."", ""Reindeer humanoid in red shorts with Christmas lights."", ""Muscular reindeer figure with Christmas lights and shorts."", ""Anthropomorphic reindeer with Christmas adornments."", ""Sporty reindeer figure with holiday accents."", ""Decorated holiday-themed muscular reindeer."", ""Festive reindeer with muscular form."", ""Muscular Christmas reindeer."", ""Reindeer figure.""]",deer_moose
9f36780a5768f23ae2535cfa98411021f2aecec99ae6a745fed1a2577e6dfb96,tree/tree_005/tree_005.blend,5.907763957977295,"[""Irregular, spherical cluster of green polygons and three different trees with brown trunks and green polygonal foliage: one dense, one taller with vertical foliage, and one shorter with a spherical canopy."", ""Cluster of green polygons with three diverse trees: dense, tall, and spherical."", ""Group of green polygons and three distinct brown-green trees."", ""Green polygonal cluster and three unique trees."", ""Variety of trees and a green blob."", ""Three trees and a green sphere."", ""Green polygons and diverse trees."", ""Polygons and tree mixture."", ""Three trees and polygons."", ""Trees and polygons."", ""Nature mix.""]",tree
9fc3989c104f592a0b7446f7f973f4b9390fe48bf12c1571302823fff9357573,car/car_005/car_005.blend,6.828174591064453,"[""A yellow toy car with a rounded, cartoonish shape, bright green lower sides, smooth contours, light blue rounded windows, large dark grey wheels, a smiling black grill with white edges, front and rear plates \""07-2018\"", and round red rear lights."", ""Yellow toy car with bright green sides, blue windows, dark grey wheels, and round red lights."", ""A rounded yellow car with green sides, blue windows, and dark wheels."", ""Yellow car with green sides, large grey wheels, and round red rear lights."", ""Toy car with green sides, dark wheels, rounded windows, and smiling grill."", ""Yellow toy car with bright green sides and large dark wheels."", ""Green-sided, yellow car with dark large wheels."", ""Roundish yellow toy car with dark wheels."", ""Toy car with big dark wheels."", ""Bright yellow toy car."", ""Yellow toy car.""]",car
a10deeee207904cfb995755ef83fd80a7ce6eee3c9575e3ecc369d4bfa68a643,ice_cream/ice_cream_026/ice_cream_026.blend,7.578017234802246,"[""A stylized milkshake or ice cream sundae in a tall, yellow, vintage-style cylindrical glass with a flat base, vibrant blue ice cream, colorful round sprinkles, and a red and white striped straw."", ""Yellow vintage-style glass holding a vibrant blue milkshake with round sprinkles and striped straw."", ""Blue milkshake in a yellow vintage glass with colorful sprinkles and a striped straw."", ""Stylized milkshake in yellow cylindrical glass with sprinkles and striped straw."", ""Blue ice cream sundae in old-fashioned yellow glass with a straw."", ""Blue milkshake in vintage glass with colorful toppings and straw."", ""Old-style glass containing a colorful milkshake with a straw."", ""Vibrant milkshake in yellow glass with straw."", ""Blue milkshake in yellow vintage glass."", ""Stylized milkshake with sprinkles and straw."", ""Blue milkshake, yellow glass.""]",ice_cream
a1c721400a786b2687831f6293ff9c29d7aec8a3d9e7b398ec50ebab2a1e0ffa,candy/candy_041/candy_041.blend,5.762722015380859,"[""A flat octagonal lollipop with a spiral pattern of pink, pale pink, and yellow segments, attached to a cylindrical white stick. The lollipop has a smooth glossy finish and consistent thickness."", ""Octagonal lollipop, spiral pattern, pink, pale pink, yellow segments with glossy finish."", ""Spiral-patterned lollipop, octagonal, pink, pale pink, yellow segments."", ""Glossy, octagonal lollipop, spiral pattern, pink and yellow."", ""Octagonal lollipop with spiral pattern, pink segments."", ""Glossy lollipop, octagonal shape with pink spirals."", ""Octagonal lollipop, pink spiral, glossy finish."", ""Pink, yellow octagonal spiral lollipop."", ""Octagonal lollipop with pink spirals."", ""Pink, yellow spiral lollipop."", ""Spiral lollipop.""]",candy
a275d41c24f3a44349add40aeef7701dd553b76059172edf092c15472bf1856d,donut/donut_007/donut_007.blend,6.772905349731445,"[""A 3D model collection consisting of four objects: a long oval \u00e9clair with a dark brown top and white accent, a torus-shaped chocolate donut with a white wavy line, a chocolate cookie sandwich with a thin white filling, and a flat chocolate donut with a central hole and white accent."", ""Four desserts: \u00e9clair, torus donut, cookie sandwich, flat donut."", ""3D desserts: \u00e9clair, torus, cookie sandwich, flat donut."", ""Long \u00e9clair, torus donut, chocolate cookie, flat donut."", ""3D dessert shapes: \u00e9clair, torus, sandwich, donut."", ""Dark brown \u00e9clair, torus donut, cookie, donut."", ""\u00c9clair, chocolate donut, cookie sandwich, donut."", ""Dark \u00e9clair, torus, sandwich, flat."", ""\u00c9clair, torus, cookie, hole donut."", ""\u00c9clair, donut, sandwich, hole."", ""Desserts: \u00e9clair, donut, sandwich.""]",donut
a66e84adaef2d172a2e64da8aaadd4769a3c3e8e565bce2c837b5d13a5eb23a8,sandwich/sandwich_004/sandwich_004.blend,5.138628959655762,"[""Hexagonal sandwich with light beige bread slices and layers of light purple, light yellow, purple, and light yellow."", ""Hexagonal sandwich with beige bread and multiple colorful layers."", ""Hexagonal sandwich with multicolored layers."", ""Colorful, layered, hexagonal sandwich."", ""Beige bread, hexagonal sandwich."", ""Hexagonal, colorful sandwich."", ""Multicolored hexagonal sandwich."", ""Layered hexagonal sandwich."", ""Purple, yellow hexagonal sandwich."", ""Colorful hexagon sandwich."", ""Hexagon sandwich.""]",sandwich
a6a6710a2c944f24221cb87ea74d2f778b56e8f58b40febd1ba62b96aa7f8de0,chair/chair_098/chair_098.blend,5.465578079223633,"[""Tan, matte, slightly textured, weathered object with a small flat pedestal base transitioning to a short stem and a large deep hemispherical bowl tilted at a 45-degree angle, giving an asymmetrical and dynamic appearance."", ""Tan textured object with small base, short stem, large tilted bowl."", ""Tan, matte object with small pedestal, stem, and large tilted bowl."", ""Textured object with base, stem, and tilted hemispherical bowl."", ""Object with a small base, stem, and large tilted bowl."", ""Tan object with small base and large tilted bowl."", ""Textured object with base and large, tilted bowl."", ""Object with base and tilted hemispherical bowl."", ""Tan object with tilted hemispherical bowl."", ""Textured object with tilted bowl."", ""Tilted tan bowl.""]",chair
a74f9fa2ae1e5681dffac7d9a2b233816aa01358d7023bbb8e5b1f7a097f9570,bicycle/bicycle_005/bicycle_005.blend,6.653847217559815,"[""The bicycle has a traditional upright frame design in white, red wheels with thick white tires, curved white handlebars with light brown grips, light brown seat and fenders, metallic crankset with blue chainring, and a light blue chain guard."", ""White bicycle with red wheels, thick tires, light brown seat and fenders, blue chain guard."", ""White bicycle featuring red wheels, brown seat, blue chain guard."", ""Bicycle with red wheels and blue chain guard."", ""White bicycle, red wheels, brown seat."", ""Traditional bike with red wheels."", ""Bike with red and blue parts."", ""Upright bike with colored parts."", ""Colored bike with fenders."", ""Bicycle with colors."", ""White bike.""]",bicycle
aa2f4e73117e50459adda07548b0e0a37c033fab0585e0b9516373b5c1689def,penguin/penguin_006/penguin_006.blend,5.667361259460449,"[""A low-poly puffin with a white angular head, black around small eyes, a yellow-to-orange triangular beak, a black and white polygonal body, short black triangular wings, and orange trapezoidal feet."", ""Low-poly puffin with a white, angular head, black small eyes, yellow-to-orange beak, black and white body, and orange feet."", ""Low-poly puffin with white head, black eyes, colorful beak, black-white body, and orange feet."", ""Puffin with white angular head, small black eyes, pyramid-like yellow-orange beak, polygonal body, and trapezoidal orange feet."", ""Puffin with white head, black eyes, orange beak, polygonal body, and orange feet."", ""Colorful puffin with angular white head, small eyes, triangular beak, polygonal body, and trapezoid feet."", ""White-headed puffin with black eyes, yellow-orange beak, black-white body and orange feet."", ""Puffin with white head, tri-color beak, black-white body, and orange feet."", ""White-headed puffin with black eyes, orange beak and orange feet."", ""Puffin with white head, orange beak, and feet."", ""White-headed orange-beaked puffin.""]",penguin
aae9216ddbe43edb862a769ad920a3702dfef86b4f4665144c07bc3829ea1952,pear/pear_008/pear_008.blend,6.373719215393066,"[""The 3D object is a pear with an asymmetrical teardrop shape, light green color with small brownish-green blemishes, a short brown stem, and a slightly rough surface."", ""A light green, asymmetrical teardrop-shaped pear with brown blemishes and a short stem."", ""Green pear, teardrop-shaped with brown blemishes, and brown stem."", ""Asymmetrical teardrop-shaped pear with blemishes and stem."", ""Light green pear with brown stem and blemishes."", ""Pear with asymmetrical shape, brown stem."", ""Light green pear with brown blemishes."", ""Asymmetrical pear with green and brown color."", ""Light green pear with stem."", ""Blemished Pear with stem."", ""Blemished pear.""]",pear
ab208fbad349d360a2d43725f052032e37916a7cd8ddbe98f079cf4545b61a4b,flower/flower_040/flower_040.blend,4.525397300720215,"[""A pure white calla lily with a trumpet-like petal, yellow spadix, and a long green stem that darkens to brown at the tip, displaying an elegant and natural design."", ""White calla lily with trumpet-like petal, yellow spadix, long green stem."", ""White calla lily with long, darkening stem and yellow spadix."", ""Elegant white calla lily with yellow spadix and darkened stem."", ""White lily with a trumpet-like petal and long green stem."", ""White calla lily with long stem, yellow interior."", ""Elegant calla lily with darkening green stem."", ""White lily with long darkened stem."", ""Calla lily with yellow spadix."", ""White calla lily, green stem."", ""White lily, long stem.""]",flower
ab8fc6d9684336f7343dcb12768ef4c8409949d3ae10ad5771a48a3adb13b715,screwdriver/screwdriver_001/screwdriver_001.blend,5.145825386047363,"[""A black screwdriver with a cylindrical handle, yellow strips and \""SCREW IT\"" text, a red band, rounded end cap with yellow and red, metallic silver shaft, and black Phillips head."", ""Black screwdriver with cylindrical handle, yellow strips, \""SCREW IT\"" text, red band, yellow and red end cap, silver metallic shaft, and black Phillips head."", ""Black screwdriver, cylindrical handle, yellow strips, red band, colorful end cap, metallic shaft, and Phillips head."", ""Black screwdriver with yellow markings, red band, colorful cap, metallic shaft, and Phillips head."", ""A black and yellow screwdriver with red details, and Phillips head."", ""Black, yellow, and red screwdriver with Phillips head."", ""Black screwdriver with red band, Phillips head."", ""Screwdriver with yellow strips and Phillips head."", ""Black and yellow screwdriver with head."", ""Black, yellow, red screwdriver head."", ""Screwdriver, black-yellow-red.""]",screwdriver
ac2d11d0d7bdffef10658d1cb2192fcd85ef574b58329d779ab830efc8d0d85f,cells_battery/cells_battery_040/cells_battery_040.blend,5.20783805847168,"[""Tall white rectangular cuboid with rounded edges, standing upright; top face has a hollow larger cylinder near the edge and a solid smaller cylinder near the center."", ""Tall, upright, white rectangle with rounded edges, hollow big cylinder on top and smaller solid cylinder."", ""White cuboid with rounded edges having a large hollow cylinder and small solid cylinder on top."", ""Upright white box with a hollow and solid cylinder on top."", ""White 3D rectangle with top cylinders; one hollow, one solid."", ""Tall rectangular object with a large and small cylinder on top."", ""White block with two upper cylinders; big hollow, small solid."", ""Upright rectangle with a hollow and solid cylinder."", ""White box with top hollow and solid cylinder."", ""Cuboid with two different top cylinders."", ""Two cylinders on rectangle.""]",cells_battery
ad719cdbbeaa12bd4ef8d92eef1026a0b0818c6a0e6f8e0291965f1cea46edc8,donut/donut_029/donut_029.blend,6.284250259399414,"[""A torus-shaped doughnut with a glossy brown chocolate glaze on top and a matte beige baked dough base, featuring a large inner hole and a smooth transition between colors."", ""A torus-shaped doughnut with glossy brown glaze and a beige dough base."", ""A doughnut with glossy chocolate glaze and beige baked dough base."", ""A torus-shaped doughnut covered with chocolate glaze and dough base."", ""Doughnut with glossy chocolate glaze and beige base."", ""Chocolate glazed doughnut with beige base."", ""Brown and beige chocolate glazed doughnut."", ""Glossy chocolate-glazed beige doughnut."", ""Chocolate glazed doughnut."", ""Glazed chocolate doughnut."", ""Chocolate doughnut.""]",donut
add9584d9042fc975ac0deb0770115c0f1e005044a00691484ea4ff87542bff3,deer_moose/deer_moose_051/deer_moose_051.blend,5.639661312103272,"[""A stylized, low-poly deer with branching antlers, elongated body, thin tapered legs, and a short tail, all in light brown with subtle fur texture. The nose is black, and the antlers are a paler brown."", ""Low-poly deer featuring branching antlers, elongated body, and black nose."", ""Stylized deer with branching antlers, elongated body and thin legs."", ""Artistic brown deer with branching antlers and elongated body."", ""Low-poly deer with branching antlers and black nose."", ""Deer with antlers, elongated body in light brown."", ""Deer with branching antlers and thin legs."", ""Light brown deer with elongated body."", ""Brown deer with branching antlers."", ""Stylized, elongated, brown deer."", ""Brown deer, antlers.""]",deer_moose
ae8d4d6f795ef8aaea26f4852898e87fcf4410940951fa5d3b6e17d7e81922f2,fish/fish_024/fish_024.blend,4.747037410736084,"[""A central light blue cuboid with several protruding light blue prisms and cuboids, including angular trapezoidal extensions, and a pink cuboid attached to the front."", ""Light blue central cuboid with protruding prisms, trapezoidal extensions and a pink cuboid at the front."", ""Blue cuboid with protruding shapes and a frontal pink cuboid."", ""Protruding blue shapes and a pink cuboid on a blue cuboid."", ""Blue cuboid with extensions and a pink front cuboid."", ""Central blue shape with extensions and a pink cuboid."", ""Cuboid with extensions and a pink front piece."", ""Blue shape with angular extensions and pink piece."", ""Blue structure with extensions and pink piece."", ""Angular blue structure and pink piece."", ""Blue and pink shapes.""]",fish
b0bd70f643a5d81cd8ca14ad8713104014c3175164ce93047cea92f3de94d426,sofa/sofa_044/sofa_044.blend,5.235156059265137,"[""Modern chair with rectangular padded, tufted leather backrest and seat in dark brown, featuring a 4x5 grid of buttons. It has a chrome or stainless steel frame with straight front legs and curved cantilevered rear support."", ""Modern chair with rectangular, tufted dark brown leather seat, backrest and a chrome frame with curved rear."", ""Tufted dark brown leather chair with chrome frame and curved back."", ""Contemporary chair with padded leather and chrome frame."", ""Modern chair with leather seat and curved frame."", ""Brown tufted chair with metal frame."", ""Leather cushioned chair, chrome support."", ""Chair with metal support, brown seat."", ""Metal-framed leather chair."", ""Brown leather chair."", ""Leather chair.""]",sofa
b0be33f2043ee73b661c058da1f71e7662111a2c191c8b336b7b9ba1e409d955,orange/orange_020/orange_020.blend,5.622432231903076,"[""Spherical fruit-like object with bright red-orange color, small greenish stem area, beige spider web-like patches, rough pitted texture, small bumps, grooves, irregular light-colored patches, and cracks, resembling a natural, realistic citrus fruit."", ""Bright red-orange spherical fruit with green stem, beige patches, rough, pitted texture, small bumps, grooves, light patches and cracks."", ""Spherical fruit-like object, bright red-orange, with greenish stem, pitted texture, small bumps, light patches, and cracks."", ""Bright red-orange fruit with green stem, beige patches, small bumps, and irregular light patches."", ""Citrus-like spherical fruit with red-orange hue, green stem, beige patches, and cracks."", ""Spherical fruit in bright red-orange, green stem, rough texture, and cracks."", ""Bright red-orange fruit with green stem, rough texture, and cracks."", ""Red-orange spherical fruit with green stem and cracks."", ""Bright red-orange citrus fruit with green stem."", ""Red-orange fruit with green stem."", ""Red-orange citrus fruit.""]",orange
b15a935e90ba3881fa6b3b10b5e20995290ddf243195a39299a560809b90e814,train/train_001/train_001.blend,5.910243511199951,"[""Historic steam locomotive with cylindrical yellow boiler, tall white cylindrical chimney, black rectangular frame, white-and-black driving mechanism with connecting rods, spoked yellow wheels with white tires, flat white front platform with guardrails, and silver safety valves behind the chimney."", ""Historic steam locomotive with yellow boiler, tall white chimney, black frame, white-and-black driving mechanism, yellow wheels with white tires, white platform with guardrails, and silver safety valves."", ""Vintage steam train with yellow boiler, tall white chimney, black rectangular frame, white and black driving parts, yellow wheels, white front platform, and silver valves."", ""Old locomotive with cylindrical yellow boiler, white chimney, black frame, black-and-white driving mechanism, yellow wheels, white platform and silver valves."", ""Historic locomotive with yellow boiler, white chimney, black frame, bicolor driving parts, yellow wheels, white platform and silver safety valves."", ""Steam locomotive with cylindrical yellow boiler, tall chimney, black frame, white-and-black driving parts, yellow wheels, and silver valves."", ""Vintage train with yellow boiler, white chimney, black frame, driving mechanism, yellow wheels, and safety valves."", ""Historic locomotive with yellow boiler, white chimney, driving mechanism, yellow wheels, and valves."", ""Steam train with yellow boiler, white chimney, black frame, driving mechanism, and yellow wheels."", ""Locomotive with yellow boiler, white chimney, driving mechanism, and wheels."", ""Train with boiler, chimney, frame, mechanism and wheels.""]",train
b26bbd7764260e087404a3921e82ccb339825c4318c4aa3f5710f2e8558d183e,tree/tree_037/tree_037.blend,5.437504768371582,"[""A low-poly, symmetrical green gemstone with numerous sharp, triangular facets, resembling an irregular, angular crystal."", ""Low-poly, symmetrical green gemstone with sharp, triangular facets."", ""Symmetrical green gemstone with numerous angular facets."", ""Angular green gemstone with several facets."", ""Green gemstone with angular, irregular facets."", ""Low-poly, triangular green gemstone."", ""Symmetrical, faceted green gemstone."", ""Angular, green crystal-like gem."", ""Faceted green gemstone."", ""Green crystal gemstone."", ""Green gem.""]",tree
b31375984dc50fbb26e4c15ff0eb73d3c988ad67347727c9a021856d1f2e31c2,mouse/mouse_011/mouse_011.blend,5.02177619934082,"[""A stylized, low-poly mouse with a light brown body and pale pink details, including paws, inner ears, nose, and tail. The mouse has a conical head, large circular ears, an elongated oval body, short limbs, and a long, thin tail."", ""Light brown low-poly mouse with pink paws, ears, nose, tail."", ""Stylized mouse with pale pink details and light brown body."", ""Low-poly mouse with a conical head and large circular ears."", ""Mouse with an elongated oval body, short limbs, long tail."", ""Stylized mouse with pink details and a long thin tail."", ""Low-poly mouse with pink inner ears, nose, paws, tail."", ""Mouse with light brown body and large circular ears."", ""Light brown mouse with pink details."", ""Low-poly stylized mouse."", ""Brown and pink mouse.""]",mouse
b49d4bb95249c75ecd9285dbb874524e28d2859930de08d6cdea640c53de83fd,cat/cat_059/cat_059.blend,5.800108909606934,"[""Rotund character with large pointed ears, bushy beard-like tuft, barrel-shaped body with purple stripes, beige mitten-style gloves, large feet with purple shoes and yellow soles, spiral tail, and light brown belt with strap and ring."", ""Rotund figure with large ears, beard-like tuft, barrel body, purple stripes, beige gloves, large feet, spiral tail, and brown belt"", ""A character with pointed ears, bushy tuft, barrel body, purple-striped, big feet, spiral tail, and a light brown belt."", ""Bearded character with large ears, barrel body with purple stripes, beige gloves, large feet with purple shoes, and belt."", ""Round character, large ears, beard-like tuft, purple-striped body, beige gloves, large purple-shod feet, spiral tail, and belt."", ""Large-eared, bearded character with round body, purple stripes, big feet, beige gloves, spiral tail, and a belt."", ""Rotund, large-eared figure with striped body, big feet, gloves, spiral tail, and a belt."", ""Bearded, large-eared figure with purple stripes, big feet, spiral tail, and a belt."", ""Large-eared, bearded, striped figure with big feet, tail, and a belt."", ""Big-eared, stripe-covered character with feet, tail, and belt."", ""Striped, bearded figure with large features.""]",cat
b9b7d37cdfc4e5c3b52b97bca6d7cc02b25992cc74bb76c20f62558849ba7077,cat/cat_076/cat_076.blend,4.669776916503906,"[""A tortoiseshell pattern cat in a sitting, playful stance with a curved tail, blue eyes, and white underbelly."", ""Tortoiseshell cat sitting playfully with curved tail, blue eyes, white underbelly."", ""Playful sitting tortoiseshell cat with blue eyes and white underbelly."", ""Tortoiseshell cat in playful pose, blue eyes, white underbelly."", ""Playful tortoiseshell cat with blue eyes, white stomach."", ""Sitting tortoiseshell cat with white belly and blue eyes."", ""Tortoiseshell cat, playful, blue eyes, white underbelly."", ""Tortoiseshell cat, blue eyes, white belly."", ""Playful tortoiseshell cat with blue eyes."", ""Tortoiseshell cat with blue eyes."", ""Blue-eyed tortoiseshell cat.""]",cat
bd2c46d61f722b259e67d65d7ac57822f44785e6c0a8daebd026926f21112051,tractor/tractor_004/tractor_004.blend,5.713794708251953,"[""A classic tractor with an elongated, narrow body, medium gray color, front and rear fenders, smaller front wheels, larger rear wheels with treads, rectangular front grille, detailed body components, exhaust pipe, driver\u2019s seat, steering wheel, and lights."", ""Medium gray classic tractor with elongated body, different sized wheels, and detailed components."", ""Classic tractor with an elongated body, distinct wheels, and details."", ""Elongated medium gray tractor with different sized wheels."", ""Classic tractor with elongated body and details."", ""Medium gray tractor with distinct features."", ""Classic elongated body tractor."", ""Detailed medium gray tractor."", ""Elongated classic tractor."", ""Gray detailed tractor."", ""Elongated tractor.""]",tractor
bd53d91110828cde8f67aff9b5bf78828866997e1493443770366b9dfc66e70b,chair/chair_182/chair_182.blend,5.511453628540039,"[""Office chair with pastel pink fabric-upholstered rectangular seat, trapezoidal backrest, and matching armrests. Brushed metallic frame features a central height-adjustment column and five-star wheelbase with black casters. Armrests are supported by metal brackets."", ""Pink fabric office chair with adjustable metallic frame and wheelbase."", ""Pastel pink office chair with adjustable wheelbase."", ""Pink office chair with adjustable frame."", ""Pink office chair with metallic frame."", ""Office chair with pink upholstery."", ""Adjustable pink office chair."", ""Pink fabric office chair."", ""Pink office chair."", ""Office chair, pink."", ""Pink chair.""]",chair
bdbe9f9979b5663b1776de2e049e86430a1240c733d0fbf38452174411ac7679,grapes/grapes_003/grapes_003.blend,6.380453109741211,"[""A bunch of vibrant purple, slightly oval grapes, densely clustered and fuller at the top, narrowing down to the bottom, with a thin light brownish-yellow curved central stem, and a smooth surface with subtle faceting."", ""Cluster of vibrant purple, oval grapes, fuller at the top, on thin light brown-yellow stem."", ""Bunch of oval, purple grapes narrowing down, on a light brown stem."", ""Purple oval grapes clustered densely, with brownish-yellow stem."", ""Purple grapes clustered, narrowing down on a stem."", ""Bunch of vibrant grapes on thin stem."", ""Cluster of purple grapes on a stem."", ""Purple grapes bunch with stem."", ""Purple grapes on stem."", ""Grape cluster with stem."", ""Grapes on stem.""]",grapes
bebd935441fcb417b121eafc70d3eefe6574a429de2596283ec30058268c33e5,cookie/cookie_008/cookie_008.blend,6.747776031494141,"[""A bright green macaron with two rounded, slightly flattened discs and a slightly overflowing white filling layer sandwiched between them."", ""Bright green, lightly flattened macaron with overflowing white filling."", ""Green macaron with a thick white cream layer."", ""Glossy green macaron with excessive white stuffing."", ""Bright green macaron with white filling."", ""Green disc-shaped macaron with white center."", ""Green macaron with overflowing filling."", ""Green, white-filled macaron."", ""Filled green macaron."", ""Green and white macaron."", ""Green macaron.""]",cookie
c0b831be9b8a4ac8dbfc60d46e0925a79c5a914b4c4bc8e89a3de8e1d9624416,donut/donut_031/donut_031.blend,8.204224586486816,"[""A light golden brown torus-shaped donut with a light pink glossy icing on top, decorated evenly with small, cylindrical sprinkles in light blue, purple, yellow, and red."", ""Light golden brown donut with light pink glossy icing and multicolored sprinkles."", ""A torus-shaped donut with pink icing and blue, purple, yellow, red sprinkles."", ""Golden brown donut with multicolored cylindrical sprinkles and pink icing."", ""Doughnut with pink icy top and multicolored sprinkles."", ""Torus-shaped pastry with icing and multicolored sprinkles."", ""Golden donut with glossy icing and sprinkles."", ""Donut with pink frosting and sprinkles."", ""Iced donut with colored sprinkles."", ""Doughnut with multicolor sprinkles."", ""Iced sprinkled donut.""]",donut
c1cbc6f729aa867822d56fadafec1d7c6dd12eb4aa069cae7ee96625f4b8a938,shark/shark_005/shark_005.blend,5.808777332305908,"[""Cartoonish purple shark, streamlined and slightly chubby body with a curved dorsal fin, triangular pectoral fins, forked tail fin, large bulging white eyes with dark blue pupils, small mouth, three gills per side, and glossy, polished surface."", ""Purple cartoonish shark with curved dorsal fin and large bulging eyes."", ""Streamlined, slightly chubby purple shark with white bulging eyes."", ""Cartoon shark in purple with prominent eyes and fins."", ""Chubby purple shark with large, bulging eyes."", ""Chunky, streamlined purple shark with big eyes."", ""Purple shark with protruding eyes."", ""Cartoon, purple, big-eyed shark."", ""Chubby purple shark."", ""Bright-eyed purple shark."", ""Purple shark.""]",shark
c258c9be547f72037ac959161c5fda2a43d388f2003332e27db6ba320b6213e8,train/train_012/train_012.blend,7.434337615966797,"[""A short, rectangular, orange-red tram with beveled edges, a flat roof with a diamond-shaped pantograph, five side windows, tall front and rear windows, two side doors, pale yellow hexagonal lights, and four wheels on a dark gray base."", ""Short orange-red rectangular tram, beveled edges, diamond pantograph, five windows, two doors, hexagonal lights, four wheels."", ""Short rectangular tram with diamond pantograph, five windows, two doors, and four wheels."", ""Short, orange-red tram with five windows, two doors, diamond pantograph."", ""Orange-red tram with pantograph, five windows, two doors."", ""Tram with pantograph, windows, doors, wheels."", ""Red tram with pantograph and windows."", ""Tram with windows, doors and pantograph."", ""Tram with diamond pantograph, windows."", ""Red tram with diamond pantograph."", ""Tram with pantograph.""]",train
c2a180c61b3a042c10e27fa3549ffd15e87bf13625cb568666928ebdfa853251,shoe/shoe_018/shoe_018.blend,5.307619094848633,"[""Dark gray leather moccasin-style casual shoe with lace-up front, visible stitching, flat light brown rubber-like sole with worn texture, slight toe and heel curve."", ""Dark gray leather moccasin shoe with lace-up front and visible stitching."", ""Gray moccasin shoe with lace-up front, light brown sole."", ""Leather moccasin shoe with lace-up design."", ""Gray leather moccasin with lacing."", ""Moccasin shoe with laced front."", ""Gray moccasin with brown sole."", ""Laced-up gray moccasin."", ""Gray leather moccasin."", ""Gray moccasin shoe."", ""Gray moccasin.""]",shoe
c3030b0aef5788626192c67b063989f91a2d05beb76d95e176c1fe155d106a5a,cake/cake_015/cake_015.blend,6.144686698913574,"[""A rectangular cuboid slice of cake with four horizontal layers: light green creamy top with a nut decoration, white smooth layer, light brown chunky layer with nuts, and a yellowish light green solid base. Clean straight edges and sharp corners."", ""Rectangular, four-layered cake slice with a nut-embellished light green top, white and nut-filled brown middle, and yellowish green base."", ""Rectangular cake slice, four layers: light green top with nut, white layer, nutty brown layer, and greenish yellow base."", ""Four-layered rectangular slice of cake with nut decoration, greenish top layer, white and chunky brown middle, green-yellow base."", ""Four-layered rectangle of cake: green with nut top, white and nut-filled brown middle, light green bottom."", ""Rectangular, four layered cake: nut-topped green, white, brown with nuts, and green-yellow base."", ""Nut-decorated green top on a layered rectangle cake with green-yellow base."", ""Cake rectangle: green with nut, white, nutty brown, yellowish green."", ""Nut-decorated layered rectangle cake: green, white, brown, green-yellow."", ""Four-layered nut-topped cake slice: green, white, brown, yellow-green."", ""Cake: Green, white, brown, yellow-green.""]",cake
c3b4467b8c9875ce133ffefcd0cae5b0cbaa27bb3b2aa42617c0a7f2adc51294,chair/chair_059/chair_059.blend,5.689783096313477,"[""A classic wooden rocking chair with a tall, slatted backrest, rectangular slatted seat, flat armrests, straight legs, horizontal supports, and smooth curved rockers, all rendered in white."", ""White wooden rocking chair with tall, slatted backrest and rectangular seat."", ""Classic rocking chair with slatted backrest and seat in white."", ""White rocking chair with tall backrest and flat armrests."", ""A classic tall, white rocking chair in white."", ""Wooden white rocking chair with slatted seat."", ""Tall, white, wooden, slatted rocking chair."", ""Classic white wooden rocking chair."", ""Tall white rocking chair."", ""White wooden rocker."", ""White rocker.""]",chair
c42af32282d3ce34825ceeedc25084cb5226e6712e8c6fc66f67522bd15fa81d,violin/violin_006/violin_006.blend,4.6153764724731445,"[""A stylized red violin with hourglass-shaped body, f-holes, straight neck leading to a scroll, black fingerboard, yellow bridge, black tailpiece, and white decorative patterns near the tailpiece."", ""Red violin, hourglass body, f-holes, straight neck, scroll, black fingerboard, yellow bridge, black tailpiece, white decorations."", ""A red violin with f-holes, neck, scroll, black fingerboard, yellow bridge, tailpiece and white patterns."", ""Stylized red violin with straight neck, scroll, black fingerboard, yellow bridge, tailpiece, and white designs."", ""Hourglass shaped red violin with black fingerboard, yellow bridge, black tailpiece, and white accents."", ""Red violin with black fingerboard, yellow bridge, black tailpiece, and white decorative elements."", ""Violin with red body, black fingerboard, yellow bridge, tailpiece, white decorations."", ""Red-violin, black fingerboard, yellow bridge, black tailpiece, white designs."", ""Violin: red body, black details, yellow bridge, white accents."", ""Red violin, black fingerboard, yellow bridge, white patterns."", ""Red violin, yellow bridge, white patterns.""]",violin
c4e7bc6531daeb9d4072c3997356e9afac548939d0791aa2101fee917fcd4434,orange/orange_015/orange_015.blend,5.883872985839844,"[""A detailed 3D orange fruit: spherical with slight flattening, bright orange with yellowish specks, small green stem at top and bottom, dimpled texture, glossy surface, soft lighting and shadows, emphasizing roundness and texture."", ""Detailed orange sphere with yellow specks, green stems, dimpled texture, glossy surface, soft lighting and shadows."", ""3D orange sphere with yellow specks, green stems, dimpled texture, and glossy surface."", ""Spherical orange with yellow specks, green stems, dimpled texture, and gloss."", ""Bright 3D orange with green stems, dimpled texture, and gloss."", ""Orange sphere with dimpled texture, glossy surface, and stems."", ""Orange with green stems, dimpled texture, and glossiness."", ""Bright orange sphere with dimpled texture and stems."", ""Dimpled, glossy orange with green stems."", ""Textured, glossy orange with stems."", ""Orange sphere with stems.""]",orange
c55f8048120eb74e4a6000d9a4784616d96fc3e7ae4f76038def9524acfecfb5,penguin/penguin_012/penguin_012.blend,5.525689125061035,"[""Stuffed penguin toy with a rounded, teardrop-shaped body; solid dark head and back, white front; oval head with white eyes, black centers; yellow triangular beak and feet; stitched fabric; wings flat and narrow; label \""TUX\"" on back."", ""Stuffed penguin toy, teardrop-shaped with dark head, white front, yellow beak and feet, and a \""TUX\"" label."", ""Teardrop-shaped stuffed penguin, dark head, white front, yellow beak, feet, and \""TUX\"" label."", ""Stuffed penguin with dark and white color scheme, yellow features, \""TUX\"" label."", ""Teardrop-shaped penguin toy with contrasting colors and \""TUX\"" label."", ""Dark-head stuffed penguin with a \""TUX\"" label."", ""Penguin toy with yellow features and \""TUX\"" label."", ""Stuffed penguin with dark head and \""TUX\"" label."", ""Dark-headed penguin toy with \""TUX\"" label."", ""Penguin toy with \""TUX\"" label."", ""\""TUX\"" penguin toy.""]",penguin
c62ce575701ed66b1ad3b773db396e8bb8059ec959bd58e2ba707b44851b1241,motorcycle/motorcycle_000/motorcycle_000.blend,6.484153747558594,"[""Yellow sport touring motorcycle with aerodynamic design, black tinted windshield, integrated headlight, yellow and black fairing, streamlined fuel tank, black seat with yellow accents, silver exhaust, metallic engine, black multi-spoke wheels, red tail light, and handlebars."", ""Yellow sport touring motorcycle with aerodynamic design and black tinted windshield."", ""Yellow and black fairing sport motorcycle with integrated headlight."", ""Sport motorcycle with streamlined fuel tank and black seat."", ""Yellow touring motorcycle with yellow accents and silver exhaust."", ""Motorcycle with metallic engine and black multi-spoke wheels."", ""Sport motorcycle with red tail light and handlebars."", ""Touring motorcycle with aerodynamic design."", ""Yellow black sport motorcycle."", ""Touring motorcycle with features."", ""Yellow motorcycle.""]",motorcycle
c73655a22d0b80ddcb78e66dc4242742c868211a323132c7460960dfc38a381c,sofa/sofa_028/sofa_028.blend,4.691161155700684,"[""A contemporary sofa with a rectangular main frame and rounded edges, vertical rounded armrests, two thick seat cushions, two thinner backrest cushions, light grey fabric, and four short tapered wooden legs with a natural finish."", ""A contemporary sofa with light grey fabric, rounded armrests, thick seat and thinner backrest cushions, four wooden legs."", ""Light grey sofa with rounded armrests, two types of cushions, and four wooden legs."", ""Contemporary sofa with armrests, dual cushions, and short wooden legs."", ""Modern grey sofa with cushion variety and wooden legs."", ""Grey sofa with different cushion types, wooden legs."", ""Sofa with various cushions, wooden legs."", ""Grey sofa with cushions and legs."", ""Sofa with cushions and legs."", ""Cushioned sofa with legs."", ""Grey sofa.""]",sofa
c7605402e7d3f1fc961faa30aa53e87c136bcd352955dccea998e1ec1d191ee2,fish/fish_008/fish_008.blend,5.931522369384766,"[""3D model of a streamlined Arowana fish with a golden-yellow body, large rounded head, slightly protruding lower jaw, small round eyes, distinct fins including dorsal, pectoral, pelvic, anal, and fan-shaped tail fin, with noticeable scales and barbels."", ""Golden-yellow Arowana fish 3D model with distinct fins and noticeable features."", ""Streamlined Arowana 3D model with distinctive fins and coloration."", ""Golden-yellow 3D Arowana with prominent fins."", ""3D golden Arowana with detailed features."", ""Detailed 3D model of golden Arowana."", ""3D Arowana with noticeable features."", ""Golden 3D Arowana with fins."", ""Detailed golden 3D Arowana model."", ""3D golden Arowana model."", ""Golden Arowana 3D.""]",fish
c7f3d0eec3f8e0b160742b4e6d0331f414c0a01bced1dd534a74b0c10f66054c,cake/cake_036/cake_036.blend,6.869054794311523,"[""A polygonal brown cylindrical base supports a turquoise cylindrical body with a slightly darker turquoise faceted candle at the center. At the top of the candle, there is a bright yellow diamond-shaped flame."", ""Polygonal brown base supports turquoise body, darker turquoise faceted candle, yellow diamond flame."", ""Brown base supports turquoise body and darker candle, diamond flame."", ""Polygonal base, turquoise body, darker candle, diamond flame."", ""Brown base, turquoise body, dark candle, diamond flame."", ""Polygonal base supports turquoise candle with diamond flame."", ""Brown base, turquoise candle, yellow flame."", ""Turquoise candle, brown base, diamond flame."", ""Turquoise candle on brown base."", ""Candle with diamond flame."", ""Candle and flame.""]",cake
c87ac854115708346c7d571a06dd2ac940cbb60d2f031bf804fd6f8715321c18,penguin/penguin_001/penguin_001.blend,4.97518253326416,"[""Cartoon-like 3D penguin model with rounded body, oval head, large blue eyes, small conical yellow beak, white chest, black back and sides, white and black flippers, short yellow webbed feet, simplified and friendly appearance."", ""3D cartoon penguin with rounded body, large blue eyes, small yellow beak."", ""Penguin model featuring oval head, blue eyes, small conical beak."", ""Friendly looking 3D penguin with large eyes, yellow beak."", ""Cartoon penguin with rounded shape and vibrant hues."", ""3D model of cartoon-like black and white penguin."", ""Model showing friendly penguin with large eyes."", ""A simplified round-bodied cartoon penguin."", ""Cartoon penguin with distinctive features."", ""Black and white cartoon penguin."", ""A 3D penguin.""]",penguin
c8e1e62f31a2d4ecc167ec2ab02b257801c6a042047d72565ee2e52db5c75603,airplane/airplane_020/airplane_020.blend,5.170846939086914,"[""A bright yellow, single-engine propeller airplane with mid-body rectangular wings, a vertical tail fin, two horizontal stabilizers, a bubble canopy, and tricycle landing gear. It features gray three-blade propeller and a logo near the engine."", ""Bright yellow single-engine plane with rectangular wings, tail fin, stabilizers, bubble canopy, tricycle gear, and logo."", ""Yellow airplane with mid-body wings, a tail fin, bubble canopy, tricycle gear, and a brand logo."", ""Single-engine plane with rectangular wings, tail fin, canopy, landing gear, and logo."", ""Bright yellow propeller plane with stabilizers, canopy, landing gear, and logo."", ""Yellow plane with tail fin, bubble canopy, tricycle gear, and logo."", ""Single-engine airplane with rectangular wings, tail, and logo."", ""Yellow propeller airplane with logo and landing gear."", ""Bright yellow, logoed, mid-body wings airplane."", ""Logoed yellow airplane with wings."", ""Yellow logoed airplane.""]",airplane
c917940b6e76f279fcea1ecf4153fa5a7cd0eac06bdbc3a91bbef1e2a0204839,sheep/sheep_006/sheep_006.blend,6.021681785583496,"[""A robust animal with a bear-like, stocky body and sheep-like proportions, including small rounded ears, thick uniform legs, and a short tail. The model is covered in a complex, crystalline texture with shades of dark and light blue."", ""A robust, bear-like animal in crystalline texture with dark, light blue shades."", ""A bear-like animal with sheep features in a complex blue texture."", ""Stocky, crystal-textured animal with shades of dark, light blue."", ""Blue, robust animal with bear-like body and sheep-like proportions."", ""Bear-like, crystalline-textured creature in blue shades."", ""Blue animal with thick uniform legs."", ""Blue, robust bear-like animal."", ""Crystalline, bear-like figure."", ""Blue, stocky 3D model."", ""Blue bear-creature.""]",sheep
c99f2fedbd23c939224567947179689c0eb75fbdd75b260ac9a051e66f9c2287,panda/panda_022/panda_022.blend,6.060719013214111,"[""A stylized panda with a large round head, black eye patches, a small black nose, circular black-tipped ears, a plump body, short cylindrical black arms and legs, a small white tail, and a smooth, cartoonish texture."", ""A cartoonish panda with round head, black eye patches, small nose, black-tipped ears, plump body, short arms, legs, and small tail."", ""Stylized panda with a large head, black eye patches, small nose, round ears, plump body, short limbs, and a small tail."", ""Animated panda featuring round head, black eye patches, tiny nose, plump body, cylindrical limbs, and a petite tail."", ""Cartoonish panda with rounded head, black patches, petite body features, and short limbs."", ""Stylized panda with round head, eye patches, tiny nose, plump body, and short limbs."", ""Panda with large head, black patches, plump body, and short limbs."", ""Cartoonish panda with round head, black patches, and short limbs."", ""Stylized panda with black patches and plump body."", ""Panda with round head and black patches."", ""Panda with black patches.""]",panda
cb62ba5542bb6e085b80d099a6dd7d5ce9d988a267b1b706d3ef0f534d78256c,tree/tree_020/tree_020.blend,5.971431732177734,"[""A medium to tall tree with a cylindrical, brown, rough-textured trunk, flaring at the base. It has a conical shape, dense canopy of uniformly bright green leaves, and branches growing upward but mostly hidden by foliage."", ""Medium-tall tree with a cylindrical, rough brown trunk, flaring base, conical shape, dense bright green leaf canopy."", ""Cylindrical tree with rough brown trunk, flaring base, dense bright green leaves."", ""Tree with a conical shape, dense canopy of bright green leaves."", ""Medium tree with rough brown trunk and dense green canopy."", ""Tall tree with flaring base and dense bright green leaves."", ""Conical tree with brown trunk and bright leaf canopy."", ""Tree with brown trunk and dense green canopy."", ""Tree with rough trunk and green canopy."", ""Brown trunk tree with green canopy."", ""Tree with green canopy.""]",tree
cc9fa122d25b936a964dc8a60622ad09516623b98486aa6a2a8ad50f4e1b3af6,cake/cake_003/cake_003.blend,5.183239936828613,"[""Circular, disk-like object with a scalloped edge, gradient warm orange hues, flat top surface featuring intricate floral patterns and Chinese characters, smooth transitions between elements, and a glossy finish."", ""Circular disk with scalloped edge, warm orange hues, floral patterns, Chinese characters, smooth transitions, and a glossy finish."", ""Circular, scalloped edge disk with warm orange hues, floral patterns, Chinese characters, and a glossy finish."", ""Circular disk, scalloped edge, warm orange gradient, floral patterns, Chinese characters, and gloss finish."", ""Scalloped disk with warm orange tones, floral design, Chinese characters, and glossy finish."", ""Circular, scalloped orange disk with floral patterns, Chinese characters, and gloss."", ""Scalloped orange disk with floral designs, Chinese characters, and gloss."", ""Scalloped orange disk, floral designs, Chinese character accents."", ""Circular orange disk with floral patterns."", ""Scalloped orange disk with flowers."", ""Orange floral disk.""]",cake
cdd6adb17d3ee223f5e795232ae779825c548b8ce68257ad58ae0780837c28a6,cupcake/cupcake_020/cupcake_020.blend,6.914468765258789,"[""A conical object with a circular light pink flat base, spiral-like white ridges from base to tip, adorned with randomly placed, small, colorful jewel-like decorations in red, green, blue, purple, and yellow."", ""Conical shape with light pink base, white spiral ridges, small jewel decorations."", ""Conical pink-based object with spiral ridges, adorned with colorful jewels."", ""Pink-based cone with white spirals, covered in small colorful jewels."", ""Conical object with spirals, decorated with colorful tiny jewels."", ""Spiral conical figure with assorted color jewels."", ""Conical shape with colorful jewel adornments."", ""Cone with spiraled white ridges, jewels."", ""Pinky cone, spirals, multicolor jewels."", ""Conical, white spirals, colorful jewels."", ""Coned jewel object.""]",cupcake
cee46260fd075a9d86f60a57eab1a8752cc7a450ae276e7a21bd44153a29f75e,deer_moose/deer_moose_056/deer_moose_056.blend,5.069075584411621,"[""A cartoonish, upright-standing cream-colored reindeer with antlers, tiny dark green eyes, a large brown nose, an egg-shaped body, short cylindrical arms, slender legs with brown feet, and a small rounded tail. The texture is smooth and matte."", ""A cream-colored cartoon reindeer upright with antlers, dark green eyes, brown nose, egg body, short arms, slender legs, and small tail."", ""Upright cream cartoon reindeer with antlers, green eyes, brown nose and feet, egg body, short arms, slender legs, and small tail."", ""Cream-colored upright reindeer with antlers, green eyes, large nose, short arms, slender legs, small tail, in cartoon style."", ""Upright cream reindeer with antlers, green eyes, large nose, short arms, brown feet, small tail, cartoon style."", ""Cartoon reindeer upright with antlers, green eyes, large nose, short arms, slender legs, small tail in cream color."", ""Upright cartoon reindeer with antlers, green eyes, nose, arms, legs and tail in cream color."", ""Upright cream reindeer with antlers, green eyes, nose, arms, small tail, in cartoon style."", ""Upright cream cartoon reindeer with antlers, eyes, nose, arms, legs, tail."", ""Cream reindeer, antlers, eyes, nose, arms, legs, tail, upright."", ""Cream cartoon reindeer upright.""]",deer_moose
ceff4e8772b42a613088bb8a2ee63d51968222cc6011cfaaf0bed6683b957904,bottle/bottle_020/bottle_020.blend,5.778547286987305,"[""A large, cylindrical transparent water jug with a flat bottom, slight taper towards the top, light blue cap, three horizontal ridges for grip, smooth shiny plastic surface, viewed from overhead front and various top perspectives."", ""Large cylindrical water jug, transparent, blue cap, three ridges, overhead view"", ""Transparent jug with blue cap and three ridges, overhead viewed"", ""Large, transparent water jug with blue cap, overhead view"", ""Cylindrical jug with blue cap, overhead perspective"", ""Large water jug with blue cap, viewed from above"", ""Transparent jug with light blue cap, overhead view"", ""Overhead view of large cylindrical jug with blue cap"", ""Above view of cylindrical transparent jug with blue cap"", ""Large jug with blue cap, viewed from above"", ""Jug with blue cap""]",bottle
cf72cb57a51e836494e0b67b0fd599dae08a183074dfbe44dc7a223e81381f06,car/car_023/car_023.blend,5.7182297706604,"[""A low-poly car model with a light gray body and beige roof, light cyan windows, brown wheels, rectangular headlights, simple bumper, two doors on each side, red strip taillight, and angular, minimalist design."", ""Light gray low-poly car model with beige roof and simple angular design."", ""Low-poly car with light gray body, beige roof, and cyan windows."", ""Car model with gray body, beige roof, light cyan windows."", ""Low-poly car with gray body, beige roof, rectangle lights."", ""Minimalist car with gray body, beige roof, brown wheels."", ""Gray and beige low-poly car with cyan windows."", ""Low-poly car, gray body, beige roof, two doors."", ""Gray car, beige roof, cyan windows, brown wheels."", ""Low-poly gray car with beige roof."", ""Gray car, beige roof.""]",car
cf7cc57c96e2ba5e093d3bb1ffa33f7ac0e8de69c35c20ccf9d7e7fb76e4cfa6,trashcan/trashcan_016/trashcan_016.blend,5.791340827941895,"[""A stylized turquoise trash receptacle with slightly rounded rectangular shape, decorated panels featuring intricate geometric patterns in turquoise, white, and burgundy, side panels with \""WASTE PLEASE\"" text, and supported by four small feet."", ""Turquoise trash can with rounded rectangle shape, geometric patterns, and \""WASTE PLEASE\"" text on side panels."", ""Stylized turquoise bin with intricate patterns and a \""WASTE PLEASE\"" label."", ""Geometrically patterned turquoise trash receptacle with \""WASTE PLEASE\"" signage."", ""Slightly rounded trash can in turquoise with \""WASTE PLEASE\"" text."", ""Patterned turquoise bin with \""WASTE PLEASE\"" on the side."", ""Stylized bin in turquoise with a waste label."", ""Patterned overall turquoise waste bin."", ""Turquoise bin with waste label."", ""Patterned turquoise trash can."", ""Turquoise bin.""]",trashcan
d036a2e9108eef6d29e347546de2d9cc8e6c78bb59c0bf2260246cf4bc1c28e0,sheep/sheep_031/sheep_031.blend,5.691100120544434,"[""A robust ram with a light brown, muscular body, large curved horns, elongated face with white patches, slender muscular legs, dark hooves, and a compact tail. Multiple perspectives highlight different features."", ""Robust ram with light brown muscular body, large curved horns, and white patched elongated face."", ""Light brown robust ram with white patched face, curved horns and muscular body."", ""Muscular ram with a white-patched face and prominent curved horns."", ""Ram with large curved horns, muscular structure, and white spots."", ""Large-horned muscular ram with white patches on his face."", ""Robust ram with white-patched face and curved horns."", ""Ram with large horns and white patches."", ""Muscular ram with curved horns."", ""Ram with large curved horns."", ""Brown ram.""]",sheep
d146ca6a54db851d528dbfa1b91a00012e0443c52178095f95f01fe527ce24a8,cupcake/cupcake_011/cupcake_011.blend,7.105522632598877,"[""Cupcake with fluted grayish-white liner, light brown dome base, white, and light blue swirled frosting, central pinkish-red candle with white stripes, yellow-orange flame, and purple \""R\"" with crown emblem in varying positions."", ""Cupcake with grayish-white liner, light brown base, swirled blue frosting, striped candle, and purple \""R\"" emblem."", ""Cupcake with a swirl-topped light brown base, striped candle and crowned purple R."", ""Cupcake with light brown base, white-blue frosting, striped candle, and emblem."", ""Swirled frosting cupcake, striped candle, and crowned \""R\"" emblem."", ""Cupcake, swirled frosting, striped candle, and emblem."", ""Cupcake with blue frosting, candle, and emblem."", ""Cupcake, frosting, candle, and emblem."", ""Cupcake, striped candle, and emblem."", ""Cupcake and candle with emblem."", ""Cupcake with emblem.""]",cupcake
d1690fe169c645f3d4781a4ea3cb7f6f46db901565bf47693f5f1c40e933a8e5,sheep/sheep_019/sheep_019.blend,5.190557956695557,"[""Low-poly stylized sheep with a rectangular light grey body, polygonal head and snout, small triangular ears, four straight legs with darker hooves, and a small triangular tail."", ""Low-poly sheep with rectangular light grey body and polygonal head, small ears, straight legs, darker hooves and tail."", ""3D sheep with cuboid light grey body, polygonal head, triangular ears, straight legs, and slightly darker hooves."", ""Stylized sheep with rectangular body, polygonal head, small ears, straight legs, and dark hooves."", ""Polygonal sheep with light grey body, four legs, small ears, dark hooves and a tail."", ""Rectangular sheep with polygonal head, four legs, dark hooves, and a tail."", ""Grey, polygon-headed sheep with four legs, dark hooves, and tail."", ""Polygonal sheep with rectangular body, four straight legs, and tail."", ""Grey, polygon-headed sheep with four legs and tail."", ""Polygonal sheep with four legs and tail."", ""Grey sheep, four legs, tail.""]",sheep
d190d722573041045a8c185a48be9b8bacd30ebd3f297b3e6a293ea45e964950,tractor/tractor_011/tractor_011.blend,7.070086479187012,"[""A red vintage tractor with two large yellow-rimmed rear wheels, two smaller yellow-rimmed front wheels, blue-green seat, black upright exhaust pipe, rear hitch, single headlight, ventilated side panels, black steering wheel, and red dashboard."", ""A red vintage tractor with yellow-rimmed wheels, blue-green seat, and black exhaust"", ""Red tractor, yellow rims, blue-green seat, black exhaust"", ""Vintage tractor with colorful details in red, yellow, and blue-green"", ""Red tractor with yellow wheels, rear hitch, and exhaust"", ""Vintage tractor with four wheels and exhaust pipe"", ""Red tractor with yellow wheels and black exhaust"", ""A vintage tractor in red and yellow"", ""Yellow-rimmed tractor with exhaust"", ""Red tractor with yellow wheels"", ""Red and yellow tractor""]",tractor
d26b84b0c28112eb016e6e311549e4820d5dcdb6d4a9ce8dfbb6f1e247230216,cells_battery/cells_battery_005/cells_battery_005.blend,5.375612258911133,"[""A cylindrical object with tapered ends, black color, yellow lightning bolts, red \u201cCAUTION\u201d and \u201cDANGER\u201d text, a blue display at the top, and warning symbols including triangles with exclamations and an explosion symbol."", ""Black cylinder with tapered ends, yellow lightning bolts, red caution signs, and blue display."", ""Black tapered cylinder with caution signs, blue display, and yellow lightning."", ""Black cylinder with caution signs, blue display, and lightning."", ""Cylinder with warning signs, blue display, and lightning."", ""Cylinder with caution signs, blue display."", ""Black cylinder, warnings, and blue display."", ""Cylinder with warning signs and display."", ""Cylinder with warnings and display."", ""Cylinder with warnings, display."", ""Cylinder, warnings, display.""]",cells_battery
d35f0f916a3f2032eb7b124f3bc8f19b96b5a7a7dc95aa7516413b72565b7d92,horse/horse_026/horse_026.blend,5.447934627532959,"[""A yellow rocking horse toy with a cylindrical body and legs, a curved rocker base, a rounded head with black eyes and triangular ears, red handles on the neck, and a red saddle with a cut-out shape in the middle."", ""Yellow rocking horse toy with cylindrical body, curved base, red details."", ""Yellow horse toy with black eyes, triangular ears, cut-out saddle."", ""Rocking horse toy with red handles and saddles on cylinder body."", ""Curved base rocking horse toy with red saddle and handles."", ""Yellow cylindrical rocking horse with black eyes and red details."", ""Cylinder body horse toy with cut-out shape saddle."", ""Horse toy with red handles on the neck."", ""Yellow rocking horse with red saddle."", ""Curved base yellow horse toy."", ""Yellow, red horse toy.""]",horse
d3f3381aca674f833955ef05bf3b7be2a5fc4310b29eda315fa186d2d9e5da2c,grapes/grapes_007/grapes_007.blend,6.1459245681762695,"[""A dense bunch of oval, polygonal-faceted grapes in bright cyan with an orange, thin cylindrical stem, arranged in a conical shape."", ""Bright cyan, faceted oval grapes with an orange cylindrical stem."", ""Cyan colored, faceted oval grapes with an orange stem."", ""Bright cyan, polygonal grapes with orange stem."", ""Faceted oval grapes in cyan with orange stem."", ""Brightly colored, faceted grapes with stem."", ""Cyan oval grapes with orange stem."", ""Faceted grapes with colored stem."", ""Bright cyan grapes with stem."", ""Cyan grapes, orange stem."", ""Grapes and stem.""]",grapes
d44ddd223131266d4f2b4015ad4ebbd35ed71bd55d934fc5d68c16d07bf6b4e0,hammer/hammer_013/hammer_013.blend,4.651894569396973,"[""Symmetrical T-shaped tool with a light creamy beige handle and cylindrical head, featuring a hole for attachment; smooth, glossy surface."", ""T-shaped tool with beige handle, cylindrical head, with attachment hole."", ""Beige T-shaped tool with cylindrical head and attachment hole."", ""Symmetrical T-shaped implement with cylindrical top."", ""Beige T-shaped tool with attachment hole."", ""Symmetrical T-shaped tool with hole."", ""Beige T-shaped implement and hole."", ""Symmetrical T-shaped object with hole."", ""Tool with T shape and hole."", ""T-shaped object with hole."", ""T-Shape, hole.""]",hammer
d49f7c890f275fecddb304f3f81eb4a18fef5612f641b0be3d72ba9302004f1c,dragon/dragon_030/dragon_030.blend,5.18915319442749,"[""A pink, lizard-like creature with a rectangular head, round eyes, small wings, four short legs with white claws, and a slender tail. The body is textured with scale-like patterns, and the wings are brighter and slightly translucent."", ""Pink lizard creature, rectangular head, round eyes, wings, four legs with white claws, slender tail, scale-patterned body."", ""Pink creature with rectangular head, wings, four legs, slender tail, and scaled body."", ""Rectangular-headed pink creature with wings, four clawed legs, and a slender tail."", ""Pink creature with wings, four legs, and scale-patterned body."", ""Squared-headed creature with small wings, scaled body."", ""Pink lizard with wings, scaled body."", ""Scaled pink creature with wings."", ""Pink, winged, scaled creature."", ""Winged, scaled pink creature."", ""Pink winged lizard.""]",dragon
d71242a12a3d640fb59902a861d421ddc77b4b0fbfc4de261fb95725aec33381,violin/violin_003/violin_003.blend,5.828129291534424,"[""A violin with an hourglass-shaped body, curved back, and two f-holes. It has a long neck, black fingerboard, spiral scroll, black tailpiece, and four metallic strings. The natural wood finish varies from light to dark brown."", ""Violin with hourglass body, curved back, two f-holes, long neck, black fingerboard, spiral scroll, tailpiece, four strings, varying brown finish."", ""Hourglass violin, curved back, long neck, black fingerboard, black tailpiece, strings, brown shades."", ""Violin with hourglass body, black fingerboard, tailpiece, four metallic strings and brown finish."", ""Hourglass violin, long neck, black fingerboard, strings, and brown shades."", ""Violin with black fingerboard, tailpiece, four strings, and varying brown finish."", ""Hourglass violin, black fingerboard, strings, with brown shades."", ""Violin with hourglass shape, strings and brown finish."", ""Hourglass violin with strings and brown finish."", ""Violin with strings and brown finish."", ""Brown violin with strings.""]",violin
db2186cf9180859886ebc742212c4b8efdb59ef527608de95c7ec69ee740132f,ice_cream/ice_cream_000/ice_cream_000.blend,5.390641212463379,"[""A slightly elongated, rounded rectangular ice cream bar coated in glossy brown chocolate with minor surface bumps, mounted on a thin, flat wooden stick that extends below the bar."", ""Elongated rectangular ice cream bar, coated in glossy brown chocolate, on wood stick."", ""Rectangular chocolate-coated ice cream bar on a wooden stick."", ""Elongated ice cream bar with brown chocolate coat on stick."", ""Chocolate-coated ice cream bar on a stick."", ""Long rectangular chocolate ice cream on stick."", ""Ice cream bar coated in chocolate on stick."", ""Chocolate-coated ice cream on a stick."", ""Chocolate ice cream on wooden stick."", ""Chocolate ice cream on stick."", ""Ice cream on stick.""]",ice_cream
dc979020941ec3b76a20da2339ef7e9f66b7f0998735bf197f67cfa54a5272d3,piano/piano_036/piano_036.blend,5.012210845947266,"[""An upright piano with a rectangular, tall structure made of polished dark brown wood, 52 white and 36 black keys, three metal pedals at the bottom, a hinged wooden lid above the keyboard, and minor wear on its edges."", ""Upright piano with dark brown wood, 52 white and 36 black keys, three pedals, and slight edge wear."", ""Polished dark brown wooden piano with 88 keys, three pedals, and minor edge wear."", ""Upright piano made of dark wood, with 88 keys, and three pedals."", ""Wooden upright piano with 88 keys and minor wear."", ""Dark wooden piano with 88 keys and pedals."", ""Upright piano with white and black keys."", ""Wooden piano with 3 pedals."", ""Dark polished upright piano."", ""88-key piano."", ""Piano.""]",piano
dcb8db959340b3bbe01653eeae7dd0cb52cfd1ee9a6be5eb6197dac515c205b8,car/car_004/car_004.blend,6.478517055511475,"[""Sporty red coupe with smooth curves, white windows, blue five-spoked wheels, integrated white headlights, yellow vertical front lights, streamlined doors and mirrors, angular rear with rectangular plate, and dual exhausts."", ""Red sport coupe with white windows, blue wheels, yellow front lights, rectangular plate, and dual exhausts."", ""Sporty red coupe with blue wheels, integrated headlights, angular rear and dual exhausts."", ""Red coupe with white windows, yellow lights, blue wheels, and dual exhausts."", ""Sporty coupe with blue wheels, white headlights, and dual exhausts."", ""Red coupe with blue wheels, integrated lights, and exhausts."", ""Sporty coupe with blue wheels and yellow front lights."", ""Red coupe with white windows and dual exhausts."", ""Coupe with blue wheels and dual exhausts."", ""Red sporty coupe with blue wheels."", ""Sporty red coupe.""]",car
de8a6495ab69667a42810c3bb89d72a5bf2f70fd7e610555a3af8f3a7985b943,shark/shark_024/shark_024.blend,5.793858528137207,"[""A green, cartoonish shark-like object with large blue eyes on a rounded rectangular head, an elongated body tapering to a fluke-shaped tail, three vertical gill slits behind the eyes, one dorsal fin, small pectoral fins, and a smooth texture."", ""Green cartoonish shark with large blue eyes and rounded rectangular head."", ""Green cartoonish shark with big blue eyes and elongated body."", ""Cartoonish green shark with blue eyes and fluke-shaped tail."", ""Green cartoon shark with blue eyes and tapered body."", ""Green cartoon shark with large blue eyes."", ""Green shark with big blue eyes."", ""Cartoonish green shark."", ""Green shark with eyes."", ""Green cartoon shark."", ""Green shark.""]",shark
deeef14b6807e40c1fe744bb822150547136704fd43b458288328912ce804624,panda/panda_019/panda_019.blend,5.725810050964356,"[""Stylized panda character with spherical head, red garment with yellow border, blue lower body with yellow highlights, black legs with yellow rings and orange feet, black and white banded arms, and a large yellow backpack with black and white grid pattern."", ""Stylized panda with spherical head, red outfit, blue lower body, banded arms, and large yellow backpack."", ""Panda wearing red outfit, blue baselayer, wields yellow backpack."", ""Stylized panda character with colorful outfit and backpack."", ""Panda with red dress, blue pants, and yellow backpack."", ""Panda in dress, pants, backpack."", ""Stylized panda with large backpack."", ""Spherical-headed panda with backpack."", ""Panda with colorful dress."", ""Panda with backpack."", ""Dressed panda.""]",panda
df62428731783f127a3ec9f2e1bf5d60ec373b6138d45dee5cbcefd04dc87bc8,hammer/hammer_035/hammer_035.blend,5.40701150894165,"[""A hammer with a dark gray rectangular metal head, flat on one side and wedge-shaped on the other, splattered with red marks, attached to a light beige cylindrical wooden handle with a weathered texture and similar red marks near the head."", ""Gray rectangular metal hammer head, wedge-shaped side, red splatters, beige weathered wooden handle, red marks."", ""Hammer with gray rectangular head, wedge-shaped side, red splatters, beige handle, weathered texture."", ""Dark gray rectangular hammer head, splattered with red, attached to a weathered beige handle."", ""Gray hammer with a wedge-shaped side, red splatters, and a beige weathered handle."", ""Rectangular metal hammer with red splatters and weathered beige handle."", ""Gray rectangular hammer, red splatters, and a beige handle."", ""Rectangular hammer with red splatters and beige handle."", ""Gray hammer, red splatters, beige handle."", ""Rectangular hammer with red-splattered handle."", ""Hammer, red splatters, beige handle.""]",hammer
df87c2ad038672687104d9849aae0dc61330742796fabec4fdad29763e5d7ff9,shoe/shoe_009/shoe_009.blend,5.579936027526856,"[""Beige slip-on loafer with white stitching, rubber sole, rounded toe cap, low profile heel; white inner lining and insole; three circular eyelets on each side; thicker white sole at heel, tapering towards front."", ""Beige loafer with white stitching, rubber sole, rounded toe, low heel, white lining and insole, three eyelets."", ""Beige loafer, white stitching and rubber sole, rounded toe, low heel."", ""Beige slip-on loafer with white stitching and rubber sole."", ""Beige shoe with white stitching, sole, and low heel."", ""Beige loafer with white details and rubber sole."", ""Beige shoe with white detailing and rounded toe."", ""Beige loafer with white stitching, and low heel."", ""Beige shoe with white stitching and sole."", ""Beige loafer with white finishes."", ""Beige shoe, white details.""]",shoe
e087e40635b5cf7542ce674599788c4c8161f5b88a51c48c37423106749c9bac,cookie/cookie_022/cookie_022.blend,5.736883163452148,"[""Octagonal prism with bright yellow color, white patches, brownish spots, slightly beveled edges, sharp corners, and a glossy appearance. Height shorter than width, flat and broad."", ""Bright yellow octagonal prism with white patches and brown spots, broad, flat, beveled edges, and sharp corners."", ""Yellow octagonal prism, white patches, brown spots, sharp corners, broad with flat glossy surface."", ""Yellow octagon with white patches, brown spots, sharp corners, broad and glossy."", ""Yellow octagonal prism, white patches, brown spots, glossy, broad."", ""Bright yellow, octagonal, white patches and brown spots, glossy."", ""Octagonal prism, yellow with white and brown spots."", ""Yellow prism with spots, sharply cornered."", ""Yellow, spotted, sharp-edged octagon."", ""Spotted yellow octagonal prism."", ""Yellow spotted octagon.""]",cookie
e0a1e2330f6545c257d8187771c1ad191fb45c8829f9aaa487979f51fd4637ee,bottle/bottle_080/bottle_080.blend,5.524399280548096,"[""A green bottle with a glossy finish, slender neck, rounded body, and flat base. The neck has a beige rope, and a diamond-pattern beige rope net covers the body. The bottle has a matching green cap."", ""Glossy green bottle with slender neck, beige rope detail, and diamond-patterned rope net."", ""Green bottle with a slim neck, beige net, and rope detailing."", ""Glossy bottle with a slender neck and beige rope net."", ""Green bottle, net-covered body, with a rope around neck."", ""Green bottle with beige rope neck and netted body."", ""Bottle with green cap, rope-covered neck and net."", ""Green netted bottle with a beige rope neck."", ""Green bottle with a beige net and rope."", ""Netted green bottle with beige rope."", ""Green bottle with net.""]",bottle
e1a20f6433e7f91b4429d9ea73099d24c213bc5fee5688d6260f1d3e22c68948,penguin/penguin_048/penguin_048.blend,6.1057448387146,"[""Stylized low-poly character with compact oval body and large oval head; white and light turquoise blue body, big cartoony eyes, red triangular beak, yellow ears, arms, and feet; accessorized with an orange scarf and yellow neck ring."", ""Low-poly character with compact oval body and head, big eyes, and an orange scarf."", ""Character with oval body, large oval head, big eyes, and colorful accessories."", ""White and light blue character with big eyes and orange scarf."", ""Stylized character with oval body, orange scarf, and yellow adornments."", ""Low-poly figure with an oval physique and cartoonish features."", ""Character featuring an oval body, scarf, and yellow accents."", ""Whimsical character with an orange scarf and yellow arms."", ""Oval bodied creature with comical eyes and scarf."", ""Colorful, oval-shaped character with cartoonish features."", ""Oval character with scarf.""]",penguin
e1c78bea9103683c1aff66cb0e4eb75adc4b99985fde859da7873bc56b6d08f0,elephant/elephant_020/elephant_020.blend,6.102880954742432,"[""A light gray, wrinkled elephant sits on its hind legs with large, circular eyes in black-rimmed glasses, small white tusks, floppy ears, a curved trunk, over-ear headphones, and slightly purple-tinted toenails."", ""Elephant on hind legs, with black-rimmed glasses, headphones and slightly purple tinted toenails."", ""Sitting elephant with glasses, headphones, and purple-tinted toenails."", ""Wrinkled elephant sitting, wearing glasses, headphones and has tinted toenails."", ""Large-eyed elephant with headphones, glasses and tinted toenails."", ""Elephant with black glasses, headphones and purple toenails."", ""Gray elephant in glasses, headphones and purple toenails."", ""Elephant wearing glasses, headphones and purple toenails."", ""Elephant with glasses, headphones and toenails."", ""Elephant wearing glasses and headphones."", ""Spectacled elephant with headphones.""]",elephant
e1d29230285bc79554ec3141272cf95f05269bd2523ae021f27b0a86ba058291,bicycle/bicycle_004/bicycle_004.blend,6.213269233703613,"[""Light brown wooden-frame bicycle with drop-style handlebars, light grey metal wheels and spokes, dark grey padded saddle, light grey rectangular metal pedals, and overall road bike design viewed from multiple angles."", ""Light brown wooden frame bike with drop handlebars, grey wheels, dark saddle, and grey pedals."", ""Wooden bike with grey wheels and pedals, brown frame, and dark saddle."", ""Grey and brown road bike with wooden design and dark saddle."", ""Grey-wheeled wooden road bike with drop handlebars and dark saddle."", ""Wooden bike with grey accents and dark saddle."", ""Road bike with wooden frame and grey features."", ""Brown wooden bike with grey details."", ""Wooden road bike with grey accents."", ""Grey-wheeled wooden bike."", ""Wooden bike.""]",bicycle
e2d934402969014d2a872a1bb41069b2dfc77c1ea2612083a002a865f67f514b,sofa/sofa_050/sofa_050.blend,5.302709579467773,"[""A lavender rectangular-base sofa with a hexagonal pattern, curved backrest, three lavender seat cushions, three teal floral-patterned backrest cushions, and two matching teal floral-patterned armrest pillows."", ""Lavender sofa with hexagonal pattern and matching teal floral-patterned cushions."", ""Rectangular-base lavender sofa with floral-patterned teal cushions."", ""Lavender sofa with teal floral-patterned cushions."", ""Sofa with floral-pattern teal and lavender cushions."", ""Sofa with patterned lavender and teal cushions."", ""Patterned lavender sofa with teal cushions."", ""Lavender sofa with teal cushions."", ""Sofa with lavender and teal cushions."", ""Patterned lavender and teal sofa."", ""Lavender and teal sofa.""]",sofa
e2dddec013b4a677d68b6320c9de8418d64c771facbb412cae698f927b82d25d,helmet/helmet_006/helmet_006.blend,7.518006324768066,"[""A medieval-style, full-face helmet with a cylindrical shape and domed top, featuring a narrow T-shaped eye slot, cheek ventilation holes, rivets, shiny bright green surface, and deep blue accents on the eye slot and lower edge."", ""Green medieval full-face helmet with T-shaped eye slot and blue accents."", ""Bright green full-face helmet with cylindrical shape, blue edges."", ""Medieval helmet with green surface and blue accents."", ""Green full-face helmet with T-shaped eye slot."", ""Full-face helmet with green surface, blue edges."", ""Cylindrical helmet with green surface, blue touch."", ""Green helmet with narrow T-shaped eye slot."", ""Medieval-styled green helmet with blue accents."", ""Green helmet with blue outlined slot."", ""Green helmet, blue accents.""]",helmet
e3771ffee53755444d03b33bd23ce28c40fa6ecf043ca375916b685e52ae043b,shoe/shoe_013/shoe_013.blend,5.855102062225342,"[""Glossy dark red high-heeled pump shoe with a rounded toe box, cone-shaped heel, beige inner lining, and decorative dotted lines near the toe."", ""Glossy dark red pump shoe, rounded toe box, cone-shaped heel, beige lining, decorative dotted lines."", ""High-heeled shoe in glossy dark red with beige interior and decoration."", ""Dark red high heel with rounded toe, decorative lines."", ""Glossy pump shoe with cone-shaped heel and dotted lines."", ""Dark red high heel with dotted decoration."", ""High heel with glossy red finish and decoration."", ""Red pump shoe with decorative dots."", ""Glossy dark red high heel."", ""Decorative dark red shoe."", ""Red high heel.""]",shoe
e4821e99a35fd8f63fd984058da4bdd23c761f4c91f95a0f07f535a141cbc395,screwdriver/screwdriver_028/screwdriver_028.blend,4.59118127822876,"[""A monochromatic, solid white flat-head screwdriver with a cylindrical, hexagonal cross-section handle featuring long rectangular indents for grip and a proportionately long, cylindrical blade that tapers to a narrow, straight-edged tip."", ""White flat-head screwdriver with a hexagonal, indented handle and long, tapered blade."", ""White flat-head screwdriver with hexagonal, grooved handle."", ""White screwdriver with hexagonal handle, narrow tip."", ""Monochromatic flat-head screwdriver, long blade."", ""White flat-head screwdriver, grooved handle."", ""Flat-head screwdriver with a hexagonal handle."", ""Flat-head screwdriver, indented handle."", ""White flat-head screwdriver."", ""Flat-head screwdriver."", ""Screwdriver.""]",screwdriver
e629e286ec0c9fa60b5195c9206466d3100762cf92c402cc95ca7c8ee62aabbd,cake/cake_045/cake_045.blend,5.371181964874268,"[""An octagonal frustum with a light yellowish-cream body, scattered darker yellow patches, a reddish-brown top edge, and a shallow bowl-like indentation on top with smooth texture."", ""Octagonal frustum, cream with yellow patches, brown top, shallow bowl-like indentation."", ""Octagonal frustum, cream and yellow, with a brown top, indentation."", ""Cream octagon with yellow patches, brown top, and an indentation."", ""Cream octagonal shape with yellow spots, brown edge, and dent."", ""Cream frustum with yellow spots, brown edge, and concavity."", ""Yellowish cream frustum, brown rim and shallow indentation."", ""Cream octagon with brown edge and indentation."", ""Cream-yellow octagon with a brown rim."", ""Cream octagon with brown indentation."", ""Cream, brown octagon-indent.""]",cake
e71f2a951348850865cfb2e29ed0f0f1ea060e4e38a2692c5c60849aab7f89da,sofa/sofa_051/sofa_051.blend,4.707671642303467,"[""A modern, white, two-seater minimalist sofa with flat rectangular seat, inclined backrest cushions, rectangular armrests, and slim cylindrical legs."", ""Modern white two-seater minimalist sofa, flat seat, inclined backrest, rectangular armrests, slim legs."", ""White modern minimalist two-seater sofa with flat seat and inclined backrest."", ""Two-seater minimalist sofa with white color, flat seat and incline."", ""Modern, two-seater, white sofa with minimalist design."", ""White minimalist two-seater with flat seat."", ""Minimalist white two-seater, flat seat."", ""Two-seater white minimalist sofa."", ""White two-seater, minimalist."", ""Modern white two-seater."", ""White two-seater.""]",sofa
ea75f1665a923cc2e404d7c67d57b3b471074711f53013b561ab1377c1d1fe39,tree/tree_051/tree_051.blend,4.77793550491333,"[""A dense, roughly spherical shrub with interwoven branches, small oval light green leaves, and dark brown to black branches, featuring a natural random branching pattern and uniform leaf distribution."", ""Spherical shrub with interwoven dark branches and small, light green leaves."", ""Dense sphere-shaped shrub with small light green leaves."", ""Bush with tangled dark branches and green leaves."", ""Round shrub with interwoven branches and leaves."", ""Dense shrub with tiny green foliage."", ""Shrub with interwoven branches, green leaves."", ""Spherical shrub with dark branches."", ""Dense, round, leafy shrub."", ""Round green shrub."", ""Leafy shrub.""]",tree
ea8fe5439aa1bf0602a8987bb42f4c4a54e9806cd007086cd9f4ade2a0f918b1,deer_moose/deer_moose_039/deer_moose_039.blend,4.9109320640563965,"[""Low-poly, monochromatic model of a moose, featuring a geometric, faceted design with prominent antlers, elongated rectangular head, cylindrical bulky body, short angular legs, and a small stubby tail."", ""Low-poly, monochromatic moose with geometric design, prominent antlers, bulky body, and stubby tail."", ""Low-poly, monochromatic moose with geometric design and prominent features."", ""Monochromatic, geometric design of a low-poly moose."", ""Low-poly geometric moose with defining features."", ""Monochromatic moose with a geometric, low-poly design."", ""Geometric, low-poly design of a moose."", ""Low-poly design of a monochromatic moose."", ""Geometric design of a moose."", ""Low-poly design of a moose."", ""Moose, geometric low-poly design.""]",deer_moose
eab4adb5f3074da5fcf4e5c7a7743651ec5fae3866453e414e56cfd4dc6baa03,cookie/cookie_001/cookie_001.blend,6.48123836517334,"[""A highly detailed, embossed metallic \""Oreo\"" cookie with symmetrical geometric patterns, raised \""OREO\"" lettering on both surfaces, radial lines, dot and crisscross patterns, a textured border, and a distressed silver/gray coloration for a vintage appearance."", ""An intricately embossed metallic Oreo cookie with raised, symmetrical patterns and a distressed silver finish."", ""Metallic Oreo cookie with detailed embossing, textured border, and vintage silver color."", ""Detailed embossed metallic Oreo with symmetrical patterns and distressed finish."", ""Silver embossed Oreo cookie with geometric patterns."", ""Symmetrical, embossed metallic vintage Oreo cookie."", ""Embossed, silver, vintage Oreo cookie."", ""Detailed metallic Oreo cookie."", ""Embossed silver Oreo."", ""Silver Oreo cookie."", ""Metallic Oreo.""]",cookie
ead69dbd8efcc5b0883f6cf4ed3b4b8d8a8402331ffb48b0acf39edad13d82a5,chicken/chicken_008/chicken_008.blend,5.492406368255615,"[""A colorful, stylized rooster with an oval yellow head, red comb, short light beige beak, round eyes with red rings, yellow layered body feathers, blue and red curved wings, dark blue gradient tail feathers, and yellow feet with sharp claws."", ""A vibrant rooster with oval yellow head, red comb, beige beak, round eyes, yellow body, blue/red wings, blue tail, yellow feet."", ""A vivid rooster sporting a yellow head, red comb, blues-reds wings, blue tail feathers, and yellow clawed feet."", ""A rooster with yellow oval head, red comb, multi-colored wings, blue tail, and yellow sharp-feet."", ""Rooster having yellow head, red comb, colorful wings, blue tail feathers, yellow feet."", ""Rooster with yellow head, red comb, multicolor wings, blue tail, yellow feet."", ""Bright rooster with red comb, colored wings, blue tail, and clawed feet."", ""Colorful rooster with red comb, blue tail feathers, and yellow feet."", ""Rooster with red comb, multicolored wings, blue tail."", ""Colorful rooster with red comb and blue tail."", ""Rooster with red comb, blue tail.""]",chicken
ebc34198f062edbf5a875d89673603ac93296cbd759db5aed75666d44d6a784a,train/train_006/train_006.blend,5.460456848144531,"[""A toy train locomotive with a reddish-brown chimney, blue cylindrical boiler, red cabin with small round windows, large yellow wheels with blue connecting rods, and two front blue wheels below the chimney. Roof and lamps are colored reddish-brown."", ""Toy train with reddish-brown chimney, blue boiler, red cabin, yellow and blue wheels."", ""Toy locomotive with blue boiler, red cabin, reddish-brown chimney and roof."", ""Blue and red toy train with yellow and blue wheels, and brown details."", ""Toy train with blue boiler, red cabin, yellow wheels."", ""Red and blue locomotive with yellow and blue wheels."", ""Toy train with colored chimney, boiler, cabin, and wheels."", ""Toy locomotive with colored parts."", ""Brightly colored toy train."", ""Colorful locomotive toy."", ""Toy train.""]",train
ed59205b4a0d32377336e5351c48c309317bdd74bfa674c745bb7b55f349b467,cat/cat_053/cat_053.blend,5.127353668212891,"[""A cyan voxel art cat with a pop-tart body, pink topping, purple sprinkles, white eyes, black pupils, small pink mouth, and a rainbow tail (red, orange, yellow, green, blue, indigo, violet) suggesting dynamic mid-motion."", ""Cyan voxel cat with a pop-tart body, pink topping, purple sprinkles, rainbow tail."", ""Cyan cat with pop-tart body, pink topping, rainbow tail."", ""Cyan voxel cat with pink frosting, rainbow tail."", ""Cyan pop-tart cat with rainbow tail."", ""Cyan cat, pop-tart body, rainbow tail."", ""Cyan voxel cat with rainbow tail."", ""Pop-tart cat with rainbow tail."", ""Cyan cat with rainbow tail."", ""Voxel cat with rainbow tail."", ""Rainbow tail cat.""]",cat
eeee3b15e83335c459a021786da193f379ba4ecb43ffcc0bf99d3afec563d654,candy/candy_011/candy_011.blend,4.6477251052856445,"[""Voxel-style pink upright bear, composed of blocky rectangular shapes, with rectangular ears and a protruding snout; the body features blocky limbs extending from a larger rectangular torso."", ""Voxel-style, pink, upright bear with blocky rectangular shapes and protruding snout."", ""Blocky, pink, voxel-style bear with rectangular ears and snout."", ""Upright voxel bear in pink with blocky design."", ""Pink, upright, blocky voxel-style bear."", ""Pink bear with rectangular block design."", ""Upright voxel bear in pink."", ""Pink bear with blocky design."", ""Blocky, pink voxel bear."", ""Pink voxel-style bear."", ""Pink bear.""]",candy
ef4376e0a705964f500e709eeb2c6a404877926f11a25399c21129e981793052,tractor/tractor_005/tractor_005.blend,6.199055671691895,"[""A low-poly tractor with a metallic blue rectangular body, trapezoidal cabin with white roof, tinted windows, large rear and small front wheels with thick black tires, front and rear lights, and simplified hitch mechanism."", ""Low-poly tractor with blue rectangular body, white trapezoidal cabin, tinted windows, and thick black tires."", ""Blue low-poly tractor possessing thick black tires and trapezoidal cabin."", ""Tractor with blue body, white roof, dark windows, and thick tires."", ""Blue metallic tractor with contrasting tyres and trapezoidal cabin."", ""Blue tractor, white roof, tinted windows, and black tires."", ""Low-poly tractor, blue with large black tires."", ""Blue tractor with white top, black tires."", ""Blue tractor, white roof, black wheels."", ""Low-poly blue tractor with black tires."", ""Blue tractor, black tires.""]",tractor
f1518309f88d86d1daade729d04b6d64dbbc192342360e93ebe7a77c85e36fbe,panda/panda_020/panda_020.blend,5.511489868164063,"[""A white, cartoonish character with a rounded, chubby body, short limbs, a large head, small semi-circular ears, short mitten-like arms, and a small nub tail."", ""White cartoon figure with chubby rounded body, short limbs, large head."", ""Chubby cartoon character with small ears, mitten-like arms, round body."", ""Cartoonish figure with big head, rounded body, small nub tail."", ""White character with small ears, mitten-arms, short limbs."", ""Chubby figure, large head, short mitten-arms, nub tail."", ""Cartoonish character with large head, small ears, and tail."", ""Rounded white character with big head and short limbs."", ""Cartoon figure with mitten-arms and a nub tail."", ""Big headed, short-limbed white figure."", ""Toy-like chubby figure.""]",panda
f2638f41e054090058bfc7fa1c2f3daf54e9ee2882921bb51f7f4a28229904e7,chair/chair_069/chair_069.blend,4.7964935302734375,"[""Modern white chair with metal wireframe structure, quadrilateral seat with slim cushion, curved ergonomic backrest in a grid pattern, tubular angular legs with crossbars for stability, and protective caps. Minimalistic, stylish, and functional design."", ""Modern white chair, metal wireframe, quadrilateral seat, slim cushion, ergonomic backrest in grid pattern, angular legs with crossbars."", ""White chair with metal structure, slim cushion, grid pattern backrest and crossbars-supported legs."", ""Metal wireframe chair in white, quadrilateral seat, grid pattern backrest, and stable legs."", ""White modern chair with quadrilateral cushion seat, grid pattern backrest and sturdy legs."", ""Quadrilateral seated chair with crossbar-support, slim cushion, and grid pattern backrest."", ""Modern white chair, metal structured, ergonomically designed with grid pattern."", ""White chair with cushioned seat, grid pattern backrest and crossbars."", ""Metal framed chair with cushion seat and grid patterned backrest."", ""White chair with cushion seat, grid backrest and crossbars."", ""White chair, cushion, grid backrest, crossbars.""]",chair
f27fb1e4d3f3b5d9f40877edc1eb2fcab849d56be50417ff59e49ffda45befab,ice_cream/ice_cream_008/ice_cream_008.blend,6.68192195892334,"[""A white round bowl with a tall stem contains four neatly rounded scoops of ice cream in brown, lavender, light beige, and dark brown, each topped with small black spherical toppings distributed evenly."", ""White bowl with stem holding four scooped ice creams with black toppings."", ""Round bowl with stemmed base, multi-flavored ice creams and toppings inside."", ""Stemmed bowl filled with scoops of different colored ice creams and toppings."", ""Tall stemmed bowl containing four varying ice cream scoops with toppings."", ""Bowl with stem and multi-flavored ice creams with spherical toppings."", ""Stemmed bowl with four differently colored ice cream scoops."", ""White bowl with stem and four scoops of ice cream."", ""Stemmed bowl containing four scoops of ice cream."", ""Bowl with stem and four ice cream scoops."", ""Stemmed bowl with ice cream.""]",ice_cream
f2f3166a83cb3ab18456479a705b08049526ba69f5d80d4597bf13b7f8e0fc08,violin/violin_011/violin_011.blend,5.648355484008789,"[""Bright red cello with smooth convex body, dark fingerboard, minimalistic detailing, F-holes, stripe patterns on back, red neck and scroll, white or light gray strings."", ""Bright red cello with dark fingerboard, minimalistic detailing, F-holes, stripe patterns."", ""A bright, red cello with dark fingerboard, stripe patterns and F-holes."", ""Brightly colored cello with dark fingerboard, striped back, and F-holes."", ""Red cello with minimalistic detailing, striped patterns, and F-holes."", ""Minimalist red cello with dark fingerboard, F-holes, and stripes."", ""Bright red cello with dark fingerboard and minimal detailing."", ""Bright colored cello with striped patterns and F-holes."", ""Red cello with dark fingerboard and F-holes."", ""Colorful cello with stripes and F-holes."", ""Red striped cello.""]",violin
f33436042c3a56a3f00c236aadbec8a3073ceb68252058a87f35725ef92c0890,airplane/airplane_010/airplane_010.blend,5.9688568115234375,"[""A vintage biplane with a light green fuselage, grey propeller, yellow upper wings, white lower wings, cylindrical grey struts, grey landing gear, light green tail with vertical and horizontal stabilizers, and a small rear wheel."", ""Light green vintage biplane with grey propeller, yellow and white wings."", ""Green vintage biplane with grey propeller and multicolored wings."", ""Vintage biplane with green body, grey and yellow highlights."", ""Biplane with green fuselage, grey and yellow accents."", ""Biplane with green body, multicolor elements."", ""Green vintage biplane with multicolored details."", ""Green and grey biplane with color accents."", ""Green vintage biplane with color variety."", ""Multicolored vintage biplane."", ""Green biplane.""]",airplane
f3d0f245690d939342484ff27516daeb30d4ec1655b15f6045469fb3c77f8ccf,chair/chair_139/chair_139.blend,6.014346599578857,"[""A colorful child\u2019s chair with a square red seat, cylindrical red legs angled outward, a backrest with red vertical posts, a red top crossbar, and a contrasting orange middle crossbar."", ""Colorful child's chair with square red seat, cylindrical legs, and contrasting backrest."", ""Child's chair with red square seat, cylindrical legs, and orange crossbar."", ""Colorful kid's chair with red seat, cylindrical legs, orange crossbar."", ""Kid's chair with red square seat, red legs, and orange bar."", ""Red chair with cylindrical legs and orange crossbar, for kids."", ""Chair with square seat, cylindrical legs, orange crossbar."", ""Kid's chair with red seat, orange crossbar."", ""Red chair with orange crossbar for kids."", ""Colorful kid's chair with orange crossbar."", ""Kid's chair, red-orange.""]",chair
f572200607517e58f064c00a9c27df0e0a2855d76254796fc34adac9ec06c667,elephant/elephant_043/elephant_043.blend,5.04270076751709,"[""A colorful, fantastical creature with an elephant-like body and head, large wing-like ears with rainbow patterns, a long rainbow gradient tail, a bright rainbow mane, short stubby legs, large blue eyes, and a curled grey trunk."", ""A bright, whimsical creature resembling an elephant with large winged ears, short stubby legs, a long gradient tail and blue eyes."", ""Colorful, elephant-like creature with large rainbow wing-ears, a gradient tail, a rainbow mane, short legs, and blue eyes."", ""Vibrant creature, resembles an elephant with rainbow-patterned wings, a rainbow tail, a mane, short legs, and large eyes."", ""Vivid elephant-like creature with wing-like ears, a gradient tail, rainbow mane, short legs, and blue eyes."", ""Bright, elephant-like creature with rainbow wings, gradient tail, rainbow mane, and blue eyes."", ""Wonderful creature, resembles an elephant with rainbow wings, rainbow tail, and short legs."", ""Vibrant elephant-like creature with rainbow wings, colorful tail, and short legs."", ""Bright creature with elephant features, rainbow wings, and tail."", ""Vibrant elephant with rainbow wings and tail."", ""Rainbow winged elephant.""]",elephant
f5f405fe5f7305d53fc80e074a219ecfeff0b5273d11144af2f4927bfcbfc996,sheep/sheep_012/sheep_012.blend,5.21690559387207,"[""A white, angular, polygonal robotic dog with a boxy head, protruding ears, tapering rectangular body, cylindrical limbs with faceted joints, and a segmented tail angled upward."", ""White polygonal robotic dog with boxy head, protruding ears, and segmented tail."", ""Polygonal robotic dog with angular body and faceted joints."", ""White angular dog-bot with boxy head and segmented tail."", ""Polygonal robotic dog with protruding ears and upward tail."", ""Angular robot dog with faceted joints and segmented tail."", ""White robot dog with boxy head and tapering body."", ""Polygonal robotic dog with cylindrical limbs."", ""Angular dog-bot with protruding ears."", ""Robot dog with segmented tail."", ""White Robo-dog.""]",sheep
f61e6fd4e8b5e2a7f5d83fe9c8a9f75297f6d99bc836620abd4a094e343e67da,flower/flower_049/flower_049.blend,6.754005432128906,"[""A bouquet of red roses with faceted petals, long green stems, and green oval leaves; arranged with flowers spreading out from the central stems, varying in size and openness."", ""Bouquet of red roses with faceted petals, long stems, green leaves."", ""Red roses bouquet with faceted petals and long green stems."", ""Bouquet with faceted red roses, elongated stems and leaves."", ""Faceted petal roses in a bouquet, long green stems."", ""Faceted roses bouquet with long, green stems."", ""Bouquet of faceted red roses and stems."", ""Red roses with faceted petals in bouquet."", ""Faceted red roses with green stems."", ""Faceted red roses bouquet."", ""Red roses bouquet.""]",flower
f6b4f5ad5d8cfdd0c79331f610947c2a9d2c0612dbaf02374634bc671f29afff,mouse/mouse_016/mouse_016.blend,4.849635124206543,"[""A low-poly, elongated oval hamster with a rounded back, triangular ears, short limbs, primarily yellowish brown with a white midsection stripe, white bottom limbs, light pink ear insides, small black eyes, and no distinct tail."", ""A low-poly, oval hamster with triangular ears, short limbs, multicolored."", ""Elongated, low-poly hamster in yellowish-brown, white, and light pink."", ""Multicolored, low-poly hamster with distinct oval shape."", ""Oval, low-poly 3D hamster in multicolors."", ""Oval, multicolored 3D hamster model."", ""3D hamster model, oval, multicolored."", ""Multicolored oval 3D hamster."", ""3D multicolored hamster."", ""Oval 3D hamster."", ""3D hamster.""]",mouse
f704a37dd5094b957c1212e7d8a7cfc0b1919a41cdb5233457b70df7742fdc73,motorcycle/motorcycle_001/motorcycle_001.blend,6.747168064117432,"[""A low-poly figure with a yellow body and turquoise blue pants rides a white scooter having green accents. A gray dog sits on the pink seat behind the rider. The scooter features turquoise blue and green accents, with detailed handlebars and wheels."", ""A low-poly figure in yellow and turquoise attire rides a green and white scooter, with a gray dog on a pink seat."", ""Yellow-clad figure and gray dog ride on a green-accented white scooter with detailed handlebars."", ""Figure with yellow body and turquoise pants, gray dog on a white scooter with green accents."", ""Yellow and turquoise figure and gray dog on a white and green scooter."", ""Yellow-turquoise figure, gray dog on a green-accented scooter."", ""Yellow figure, gray dog on white-green scooter."", ""Figure and dog on colorful scooter."", ""Yellow humanoid, dog on scooter."", ""Figure and dog on scooter."", ""Figure on scooter.""]",motorcycle
f746ad61a62aa21fe56f53dc94a35fdca9123893c8949b61a8f328909e2fb0a6,trashcan/trashcan_041/trashcan_041.blend,4.700920104980469,"[""A geometric, symmetrical white container with an octagonal, star-like rim, tapered sides with inward curves, and vertical struts at each vertex, made of smooth, solid material."", ""Geometric white container with octagonal, star-like rim, tapered sides, and vertical struts."", ""Symmetrical white container with star-like rim and vertical struts at vertices."", ""Solid white container with octagonal rim and tapered sides."", ""White container with star-like rim and inward curves."", ""White container with vertical struts at each vertex."", ""Square white container with outward struts."", ""Geometric white container with star rim."", ""Star-rimmed white container with struts."", ""White container with star rim."", ""Star-rimmed container.""]",trashcan
f858037e4a4729eb109dab6aee082d821620803ba236931d1c0e435ef4b57d37,cells_battery/cells_battery_036/cells_battery_036.blend,4.835379600524902,"[""A gray cylindrical can with faceted sides, an aqua-blue recessed circular area on top, and stepped concentric rings in the central depression."", ""Gray can with faceted sides and blue recessed top with rings."", ""Gray, faceted can with blue, ringed recessed top."", ""Gray cylindrical can with blue recessed top."", ""Faceted can with ringed, redeced top."", ""Cylinder with faceted sides and recessed top."", ""Gray can with recessed blue top."", ""Faceted can with blue recessed top."", ""Gray can, blue recessed top."", ""Faceted can, recessed top."", ""Can with recessed top.""]",cells_battery
f90bf48910222c76c1c0208f6b75dcb2735f263dbcb2f781cf89c8e65dfcd675,chair/chair_128/chair_128.blend,5.5880632400512695,"[""Wrought iron chair with a circular lattice seat, curved legs, and a tall backrest featuring a symmetrical heart-shaped scroll design, all in light beige color and vintage style."", ""Wrought iron chair, light beige, vintage style with heart-shaped scroll design."", ""Vintage, light beige iron chair with heart-shaped scroll."", ""Wrought iron chair, beige, with heart design."", ""Beige wrought iron chair with heart scroll."", ""Vintage iron chair with heart detail."", ""Chair with heart-shaped iron scroll."", ""Iron chair with heart design."", ""Vintage chair with heart scroll."", ""Beige iron chair."", ""Heart chair.""]",chair
fa9304ba6497631dccf76f723382936391ad6652ff87257bbae3fb5471c3ae09,horse/horse_006/horse_006.blend,6.088120460510254,"[""Low-poly, stylized orange animal with a large angular head, pointed ears, stocky body, and four tapered rectangular legs."", ""Low-poly stylized orange animal with large angular head, pointed ears, stocky body, tapered rectangular legs."", ""Stylized animal, angular head, pointed ears, stocky body, four rectangular legs."", ""Stylized orange animal with large head, four tapered legs, and pointed ears."", ""Angular-headed animal, stocky body, rectangular legs, and pointed ears."", ""Orange, low-poly animal with angular head, four tapered legs."", ""Stylized animal with angular head and pointed ears."", ""Orange animal with large head and four legs."", ""Animal with angular head and four legs."", ""Angular-headed four-legged animal."", ""Four-legged animal.""]",horse
faf2441011517acef384cde43f6e6915c57dc88ce9ce7c4d04e0b2e924ae9129,violin/violin_001/violin_001.blend,4.808599948883057,"[""An entirely white, matte-finished violin with a traditional shape, including an hourglass figure, curved sides, two f-holes, a central bridge, a long neck with a smooth fingerboard, a pegbox with four pegs, and a scroll."", ""Matte white violin with hourglass figure, curved sides, two f-holes, bridge, long neck, smooth fingerboard, pegbox, and scroll."", ""White traditional violin with hourglass form, two f-holes, bridge, elongated neck, fingerboard, pegbox, and scroll."", ""Matte white traditional violin with characteristic figure, f-holes, bridge, neck, fingerboard, pegbox, and scroll."", ""Traditional matte white violin featuring hourglass form, f-holes, bridge, neck, fingerboard, and scroll."", ""White violin with hourglass structure, two f-hoes, bridge, neck, fingerboard, and scroll."", ""Traditional white violin with f-holes, bridge, neck, fingerboard, and scroll."", ""Hourglass violin in white with f-holes, bridge, neck and scroll."", ""White violin with hourglass figure, f-holes, bridge, and scroll."", ""Matte white violin with hourglass shape, and f-holes."", ""White violin, hourglass shape, f-holes.""]",violin
fb9302a6f1dd3a7c618fd9b5cccb90e8708444f06b74e030065312196d9b37be,chicken/chicken_010/chicken_010.blend,6.649365425109863,"[""A rounded, dark blue egg-shaped body with lighter blue scales, small pointed beak, orange-red gradient at the tip, circular eyes with black pupils, small curved wings, short flared tail, and dark grey thin feet."", ""Rounded dark-blue egg-shaped body with blue scales, pointed beak, red-orange tip, circular eyes, small wings, short tail, grey feet."", ""Egg-shaped dark body with blue scales, orange-red beak tip, black-eyed, with small wings, short tail, and thin grey legs."", ""Dark blue egg body, lighter scales, beak with red gradient, black-eyed, small-winged, short-tailed, and has dark grey feet."", ""Egg-shaped body with blue scales, pointed beak, dark eyes, tiny wings, tail, and slim grey feet."", ""Blue egg body, orange-tipped beak, dark-eyed, small wings, tail, grey legs."", ""Blue-scaled egg shape, red-beak tip, eyes, wings, tail, and legs."", ""Blue egg with beak, wings, tail, and feet."", ""Blue egg shape, wings, tail, legs."", ""Blue egg, wings, tail, feet."", ""Egg, wings, tail, feet.""]",chicken
fe06afc07db0da1dd5be07ae134069cdea7afa04a4878e30fb49023801fa725c,train/train_020/train_020.blend,5.436674118041992,"[""A bright yellow, rectangular, open-top cart with sloped sides and white triangular edge markings; black base; four dark gray, spoked wheels; and black hook-style connectors at both ends for linkage."", ""Yellow rectangular cart, sloped sides, white triangular edge markings, black base, gray spoked wheels, black hook connectors."", ""Bright yellow, rectangular, open-topped cart with gray wheels and black connectors."", ""Yellow cart with sloped sides, white markings, and hook connectors."", ""Yellow cart with sloped sides, triangular edges, and hooks."", ""Rectangular cart with sloped sides, white markings, and hooks."", ""Yellow cart with white details, gray wheels, and hooks."", ""Yellow rectangular cart with marked edges and hooks."", ""Yellow cart with white markings and hooks."", ""Yellow cart with spoked wheels and hooks."", ""Yellow cart with hooks.""]",train
feeb44f560d4999292202a948273cedbb1432f0445927142adf9541fba38cead,helicopter/helicopter_007/helicopter_007.blend,5.365669250488281,"[""A sleek, metallic grey helicopter with a bulbous cockpit, two cylindrical engines, and multiple large, rounded windows. It has a four-blade main rotor, a two-blade tail rotor, black skids, yellow rotor tips, and cyan side accents."", ""Metallic helicopter with bulbous cockpit, cylindrical engines, large windows, four-blade main rotor, two-blade tail rotor, black skids, yellow rotor tips, cyan accents."", ""Metallic helicopter with bulbous cockpit, cylindrical engines, large windows, four-blade rotor, two-blade tail, black skids, yellow tips, and cyan accents."", ""Metallic helicopter with rounded cockpit, engines, 4-blade main rotor, 2-blade tail rotor, black skids, yellow tips, and cyan accents."", ""Grey helicopter with round cockpit, thick engines, 4-blade rotor, 2-blade tail, black skids, yellow tips, and cyan details."", ""Grey helicopter with bulbous cockpit, 4 blade main rotor, 2 blade tail rotor, black skids, yellow and cyan accents."", ""Grey chopper with bulbous cockpit, 4-blade rotor, 2-blade tail, skids, yellow tips, cyan accents."", ""Grey chopper with bulbous cockpit, 4-blade rotor, 2-blade tail rotor, skids, and colored accents."", ""Grey chopper with bulbous cockpit, 4 main blades, 2 tail blades, skids, accents."", ""Grey chopper, cockpit, 4 main blades, 2 tail blades, skids, accents."", ""Grey helicopter, 4 blades, 2 tail, skids.""]",helicopter
ff23284816a23c3376d07cfdcdce987d01a7867f9badc1c163924c84ee8762f5,bottle/bottle_017/bottle_017.blend,5.893660545349121,"[""A spherical, glass flask with a cylindrical neck and circular mouth, containing light pink liquid. The neck, mouth, and stopper are white, and a small rectangular white or light gray tag is attached to the neck."", ""Spherical glass flask with cylindrical neck holding light pink liquid, featuring a white neck, mouth, and stopper with a white or gray tag."", ""Glass flask with a cylindrical neck filled with pink liquid, has a white stopper and a small rectangular tag."", ""A glass flask filled with pink liquid, featuring a white stopper and an attached rectangular tag."", ""Glass flask containing light pink liquid, with a white stopper and a tag."", ""A glass flask with pink liquid, a white stopper, and a tag."", ""Pink liquid inside a glass flask, topped with a stopper and tag."", ""Spherical flask with pink liquid, white stopper, and tag."", ""Glass flask, pink liquid, white stopper, tag."", ""Pink liquid in a flask, stopper and tag."", ""Flask, pink liquid, stopper, tag.""]",bottle
ffddd72fc9a885c60af9e262ab8bdea155a7f2f912264240128e78a3a883b117,mouse/mouse_017/mouse_017.blend,5.459402084350586,"[""A black spherical head with two smaller black spheres as ears on top sides, a red string attached at the bottom, and cartoonish oval eyes with white eyeballs, black pupils, and a small black circular nose on the front."", ""Black spherical head, smaller sphere ears, red string bottom, cartoon eyes nose."", ""Spherical head with small ear spheres, red string, cartoonish eyes."", ""Black head, ear spheres, string bottom, cartoon eyes."", ""Sphere head, ear spheres, red string, eyes."", ""Head with ears, string, cartoon eyes."", ""Head, ear spheres, string, eyes."", ""Spherical head, ears, string, eyes."", ""Head, ears, string, eyes."", ""Head, ears, string, pupils."", ""Head, string, eyes.""]",mouse
